rodada,algoritmo,RMSE
1,alpha0.9---w-2-1-0,0.82424
2,alpha0.9---w-0-1-2,0.81647
3,alpha0.9---w-0-1-2,0.81158
4,alpha0.9---w-0-1-2,0.81259
5,alpha0.9---w-0-1-2,0.82521
6,alpha0.9---w-0-1-2,0.80995
7,alpha0.9---w-0-1-2,0.81705
8,alpha0.9---w-0-1-2,0.81269
9,alpha0.9---w-0-1-2,0.82857
10,alpha0.9---w-0-1-2,0.81418
11,alpha0.9---w-0-1-2,0.81859
12,alpha0.9---w-0-1-2,0.82092
13,alpha0.9---w-0-1-2,0.82191
14,alpha0.9---w-0-1-2,0.81596
15,alpha0.9---w-0-1-2,0.81603
16,alpha0.9---w-0-1-2,0.81983
17,alpha0.9---w-0-1-2,0.82493
18,alpha0.9---w-0-1-2,0.81003
19,alpha0.9---w-0-1-2,0.81767
20,alpha0.9---w-0-1-2,0.8134
21,alpha0.9---w-0-1-2,0.81577
22,alpha0.9---w-0-1-2,0.82332
23,alpha0.9---w-0-1-2,0.81496
24,alpha0.9---w-0-1-2,0.82667
25,alpha0.9---w-0-1-2,0.82086
26,alpha0.9---w-0-1-2,0.80978
27,alpha0.9---w-0-1-2,0.8193
28,alpha0.9---w-0-1-2,0.81689
29,alpha0.9---w-0-1-2,0.81472
30,alpha0.9---w-0-1-2,0.8124
1,alpha0.1---w-0-1-1,0.8253
2,alpha0.9---w-0-2-1,0.81646
3,alpha0.9---w-0-2-1,0.81157
4,alpha0.9---w-0-2-1,0.81265
5,alpha0.9---w-0-2-1,0.82526
6,alpha0.9---w-0-2-1,0.80999
7,alpha0.9---w-0-2-1,0.81704
8,alpha0.9---w-0-2-1,0.8128
9,alpha0.9---w-0-2-1,0.82862
10,alpha0.9---w-0-2-1,0.81418
11,alpha0.9---w-0-2-1,0.81858
12,alpha0.9---w-0-2-1,0.82095
13,alpha0.9---w-0-2-1,0.82196
14,alpha0.9---w-0-2-1,0.81599
15,alpha0.9---w-0-2-1,0.81608
16,alpha0.9---w-0-2-1,0.81982
17,alpha0.9---w-0-2-1,0.825
18,alpha0.9---w-0-2-1,0.81004
19,alpha0.9---w-0-2-1,0.81769
20,alpha0.9---w-0-2-1,0.8134
21,alpha0.9---w-0-2-1,0.81579
22,alpha0.9---w-0-2-1,0.82336
23,alpha0.9---w-0-2-1,0.81505
24,alpha0.9---w-0-2-1,0.82669
25,alpha0.9---w-0-2-1,0.8209
26,alpha0.9---w-0-2-1,0.8098
27,alpha0.9---w-0-2-1,0.81937
28,alpha0.9---w-0-2-1,0.81689
29,alpha0.9---w-0-2-1,0.81471
30,alpha0.9---w-0-2-1,0.81244
1,alpha0.1---w-0-1-2,0.82704
2,alpha0.9---w-1-0-2,0.81653
3,alpha0.9---w-1-0-2,0.81162
4,alpha0.9---w-1-0-2,0.81254
5,alpha0.9---w-1-0-2,0.82521
6,alpha0.9---w-1-0-2,0.80997
7,alpha0.9---w-1-0-2,0.81707
8,alpha0.9---w-1-0-2,0.81268
9,alpha0.9---w-1-0-2,0.82856
10,alpha0.9---w-1-0-2,0.81421
11,alpha0.9---w-1-0-2,0.81865
12,alpha0.9---w-1-0-2,0.82089
13,alpha0.9---w-1-0-2,0.82199
14,alpha0.9---w-1-0-2,0.81596
15,alpha0.9---w-1-0-2,0.81601
16,alpha0.9---w-1-0-2,0.81992
17,alpha0.9---w-1-0-2,0.82494
18,alpha0.9---w-1-0-2,0.81007
19,alpha0.9---w-1-0-2,0.81771
20,alpha0.9---w-1-0-2,0.81339
21,alpha0.9---w-1-0-2,0.81583
22,alpha0.9---w-1-0-2,0.82331
23,alpha0.9---w-1-0-2,0.81497
24,alpha0.9---w-1-0-2,0.82675
25,alpha0.9---w-1-0-2,0.82086
26,alpha0.9---w-1-0-2,0.80981
27,alpha0.9---w-1-0-2,0.81931
28,alpha0.9---w-1-0-2,0.81689
29,alpha0.9---w-1-0-2,0.81472
30,alpha0.9---w-1-0-2,0.81244
1,alpha0.1---w-0-2-1,0.82524
2,alpha0.9---w-1-1-1,0.81648
3,alpha0.9---w-1-1-1,0.81158
4,alpha0.9---w-1-1-1,0.81257
5,alpha0.9---w-1-1-1,0.82523
6,alpha0.9---w-1-1-1,0.80998
7,alpha0.9---w-1-1-1,0.81703
8,alpha0.9---w-1-1-1,0.81276
9,alpha0.9---w-1-1-1,0.82857
10,alpha0.9---w-1-1-1,0.81418
11,alpha0.9---w-1-1-1,0.8186
12,alpha0.9---w-1-1-1,0.82088
13,alpha0.9---w-1-1-1,0.82201
14,alpha0.9---w-1-1-1,0.81596
15,alpha0.9---w-1-1-1,0.81603
16,alpha0.9---w-1-1-1,0.81988
17,alpha0.9---w-1-1-1,0.82498
18,alpha0.9---w-1-1-1,0.81004
19,alpha0.9---w-1-1-1,0.8177
20,alpha0.9---w-1-1-1,0.81337
21,alpha0.9---w-1-1-1,0.81582
22,alpha0.9---w-1-1-1,0.82332
23,alpha0.9---w-1-1-1,0.81504
24,alpha0.9---w-1-1-1,0.82674
25,alpha0.9---w-1-1-1,0.82087
26,alpha0.9---w-1-1-1,0.80979
27,alpha0.9---w-1-1-1,0.81936
28,alpha0.9---w-1-1-1,0.81684
29,alpha0.9---w-1-1-1,0.81469
30,alpha0.9---w-1-1-1,0.81246
1,alpha0.1---w-1-0-1,0.82508
2,alpha0.9---w-1-2-0,0.81652
3,alpha0.9---w-1-2-0,0.81162
4,alpha0.9---w-1-2-0,0.81268
5,alpha0.9---w-1-2-0,0.82533
6,alpha0.9---w-1-2-0,0.81007
7,alpha0.9---w-1-2-0,0.81707
8,alpha0.9---w-1-2-0,0.81292
9,alpha0.9---w-1-2-0,0.82866
10,alpha0.9---w-1-2-0,0.81422
11,alpha0.9---w-1-2-0,0.81864
12,alpha0.9---w-1-2-0,0.82096
13,alpha0.9---w-1-2-0,0.82211
14,alpha0.9---w-1-2-0,0.81605
15,alpha0.9---w-1-2-0,0.81614
16,alpha0.9---w-1-2-0,0.81992
17,alpha0.9---w-1-2-0,0.8251
18,alpha0.9---w-1-2-0,0.8101
19,alpha0.9---w-1-2-0,0.81776
20,alpha0.9---w-1-2-0,0.81343
21,alpha0.9---w-1-2-0,0.81589
22,alpha0.9---w-1-2-0,0.8234
23,alpha0.9---w-1-2-0,0.81519
24,alpha0.9---w-1-2-0,0.82681
25,alpha0.9---w-1-2-0,0.82096
26,alpha0.9---w-1-2-0,0.80986
27,alpha0.9---w-1-2-0,0.8195
28,alpha0.9---w-1-2-0,0.81689
29,alpha0.9---w-1-2-0,0.81474
30,alpha0.9---w-1-2-0,0.81256
1,alpha0.1---w-1-0-2,0.82691
2,alpha0.9---w-2-0-1,0.81656
3,alpha0.9---w-2-0-1,0.81166
4,alpha0.9---w-2-0-1,0.81255
5,alpha0.9---w-2-0-1,0.82526
6,alpha0.9---w-2-0-1,0.81003
7,alpha0.9---w-2-0-1,0.81708
8,alpha0.9---w-2-0-1,0.81278
9,alpha0.9---w-2-0-1,0.82858
10,alpha0.9---w-2-0-1,0.81423
11,alpha0.9---w-2-0-1,0.81869
12,alpha0.9---w-2-0-1,0.82088
13,alpha0.9---w-2-0-1,0.82211
14,alpha0.9---w-2-0-1,0.816
15,alpha0.9---w-2-0-1,0.81605
16,alpha0.9---w-2-0-1,0.81999
17,alpha0.9---w-2-0-1,0.82501
18,alpha0.9---w-2-0-1,0.81011
19,alpha0.9---w-2-0-1,0.81776
20,alpha0.9---w-2-0-1,0.81339
21,alpha0.9---w-2-0-1,0.8159
22,alpha0.9---w-2-0-1,0.82334
23,alpha0.9---w-2-0-1,0.81509
24,alpha0.9---w-2-0-1,0.82684
25,alpha0.9---w-2-0-1,0.82091
26,alpha0.9---w-2-0-1,0.80985
27,alpha0.9---w-2-0-1,0.81941
28,alpha0.9---w-2-0-1,0.81686
29,alpha0.9---w-2-0-1,0.81473
30,alpha0.9---w-2-0-1,0.81254
1,alpha0.1---w-1-1-0,0.82458
2,alpha0.9---w-2-1-0,0.81657
3,alpha0.9---w-2-1-0,0.81167
4,alpha0.9---w-2-1-0,0.81263
5,alpha0.9---w-2-1-0,0.82533
6,alpha0.9---w-2-1-0,0.81008
7,alpha0.9---w-2-1-0,0.81709
8,alpha0.9---w-2-1-0,0.81291
9,alpha0.9---w-2-1-0,0.82864
10,alpha0.9---w-2-1-0,0.81425
11,alpha0.9---w-2-1-0,0.81869
12,alpha0.9---w-2-1-0,0.82093
13,alpha0.9---w-2-1-0,0.82218
14,alpha0.9---w-2-1-0,0.81605
15,alpha0.9---w-2-1-0,0.81612
16,alpha0.9---w-2-1-0,0.82
17,alpha0.9---w-2-1-0,0.8251
18,alpha0.9---w-2-1-0,0.81014
19,alpha0.9---w-2-1-0,0.81779
20,alpha0.9---w-2-1-0,0.81342
21,alpha0.9---w-2-1-0,0.81595
22,alpha0.9---w-2-1-0,0.82339
23,alpha0.9---w-2-1-0,0.8152
24,alpha0.9---w-2-1-0,0.82689
25,alpha0.9---w-2-1-0,0.82097
26,alpha0.9---w-2-1-0,0.80988
27,alpha0.9---w-2-1-0,0.81952
28,alpha0.9---w-2-1-0,0.81687
29,alpha0.9---w-2-1-0,0.81475
30,alpha0.9---w-2-1-0,0.8126
1,alpha0.1---w-1-1-1,0.82273
2,alpha0.9---w-0-1-1,0.81646
3,alpha0.9---w-0-1-1,0.81157
4,alpha0.9---w-0-1-1,0.81261
5,alpha0.9---w-0-1-1,0.82522
6,alpha0.9---w-0-1-1,0.80996
7,alpha0.9---w-0-1-1,0.81703
8,alpha0.9---w-0-1-1,0.81274
9,alpha0.9---w-0-1-1,0.82858
10,alpha0.9---w-0-1-1,0.81417
11,alpha0.9---w-0-1-1,0.81858
12,alpha0.9---w-0-1-1,0.82092
13,alpha0.9---w-0-1-1,0.82193
14,alpha0.9---w-0-1-1,0.81596
15,alpha0.9---w-0-1-1,0.81605
16,alpha0.9---w-0-1-1,0.81982
17,alpha0.9---w-0-1-1,0.82496
18,alpha0.9---w-0-1-1,0.81002
19,alpha0.9---w-0-1-1,0.81767
20,alpha0.9---w-0-1-1,0.81339
21,alpha0.9---w-0-1-1,0.81577
22,alpha0.9---w-0-1-1,0.82333
23,alpha0.9---w-0-1-1,0.815
24,alpha0.9---w-0-1-1,0.82667
25,alpha0.9---w-0-1-1,0.82087
26,alpha0.9---w-0-1-1,0.80978
27,alpha0.9---w-0-1-1,0.81932
28,alpha0.9---w-0-1-1,0.81688
29,alpha0.9---w-0-1-1,0.8147
30,alpha0.9---w-0-1-1,0.81241
1,alpha0.1---w-1-2-0,0.82526
2,alpha0.9---w-1-0-1,0.81653
3,alpha0.9---w-1-0-1,0.81163
4,alpha0.9---w-1-0-1,0.81253
5,alpha0.9---w-1-0-1,0.82522
6,alpha0.9---w-1-0-1,0.80999
7,alpha0.9---w-1-0-1,0.81707
8,alpha0.9---w-1-0-1,0.81272
9,alpha0.9---w-1-0-1,0.82856
10,alpha0.9---w-1-0-1,0.81421
11,alpha0.9---w-1-0-1,0.81866
12,alpha0.9---w-1-0-1,0.82087
13,alpha0.9---w-1-0-1,0.82204
14,alpha0.9---w-1-0-1,0.81597
15,alpha0.9---w-1-0-1,0.81602
16,alpha0.9---w-1-0-1,0.81994
17,alpha0.9---w-1-0-1,0.82496
18,alpha0.9---w-1-0-1,0.81008
19,alpha0.9---w-1-0-1,0.81772
20,alpha0.9---w-1-0-1,0.81338
21,alpha0.9---w-1-0-1,0.81585
22,alpha0.9---w-1-0-1,0.82331
23,alpha0.9---w-1-0-1,0.81502
24,alpha0.9---w-1-0-1,0.82679
25,alpha0.9---w-1-0-1,0.82087
26,alpha0.9---w-1-0-1,0.80982
27,alpha0.9---w-1-0-1,0.81935
28,alpha0.9---w-1-0-1,0.81686
29,alpha0.9---w-1-0-1,0.81472
30,alpha0.9---w-1-0-1,0.81248
1,alpha0.1---w-2-0-1,0.82491
2,alpha0.9---w-1-1-0,0.81654
3,alpha0.9---w-1-1-0,0.81164
4,alpha0.9---w-1-1-0,0.81264
5,alpha0.9---w-1-1-0,0.82532
6,alpha0.9---w-1-1-0,0.81007
7,alpha0.9---w-1-1-0,0.81707
8,alpha0.9---w-1-1-0,0.81291
9,alpha0.9---w-1-1-0,0.82864
10,alpha0.9---w-1-1-0,0.81423
11,alpha0.9---w-1-1-0,0.81866
12,alpha0.9---w-1-1-0,0.82094
13,alpha0.9---w-1-1-0,0.82214
14,alpha0.9---w-1-1-0,0.81604
15,alpha0.9---w-1-1-0,0.81612
16,alpha0.9---w-1-1-0,0.81995
17,alpha0.9---w-1-1-0,0.8251
18,alpha0.9---w-1-1-0,0.81011
19,alpha0.9---w-1-1-0,0.81777
20,alpha0.9---w-1-1-0,0.81342
21,alpha0.9---w-1-1-0,0.81591
22,alpha0.9---w-1-1-0,0.82339
23,alpha0.9---w-1-1-0,0.81519
24,alpha0.9---w-1-1-0,0.82684
25,alpha0.9---w-1-1-0,0.82096
26,alpha0.9---w-1-1-0,0.80986
27,alpha0.9---w-1-1-0,0.8195
28,alpha0.9---w-1-1-0,0.81687
29,alpha0.9---w-1-1-0,0.81474
30,alpha0.9---w-1-1-0,0.81257
1,alpha0.1---w-2-1-0,0.82506
2,alpha0.8---w-0-1-2,0.7961
3,alpha0.8---w-0-1-2,0.79256
4,alpha0.8---w-0-1-2,0.79276
5,alpha0.8---w-0-1-2,0.8041
6,alpha0.8---w-0-1-2,0.79095
7,alpha0.8---w-0-1-2,0.79764
8,alpha0.8---w-0-1-2,0.79262
9,alpha0.8---w-0-1-2,0.80727
10,alpha0.8---w-0-1-2,0.79477
11,alpha0.8---w-0-1-2,0.80042
12,alpha0.8---w-0-1-2,0.80029
13,alpha0.8---w-0-1-2,0.80164
14,alpha0.8---w-0-1-2,0.79679
15,alpha0.8---w-0-1-2,0.79559
16,alpha0.8---w-0-1-2,0.7993
17,alpha0.8---w-0-1-2,0.80453
18,alpha0.8---w-0-1-2,0.79147
19,alpha0.8---w-0-1-2,0.79732
20,alpha0.8---w-0-1-2,0.79368
21,alpha0.8---w-0-1-2,0.79576
22,alpha0.8---w-0-1-2,0.80319
23,alpha0.8---w-0-1-2,0.79614
24,alpha0.8---w-0-1-2,0.80563
25,alpha0.8---w-0-1-2,0.80188
26,alpha0.8---w-0-1-2,0.79077
27,alpha0.8---w-0-1-2,0.79932
28,alpha0.8---w-0-1-2,0.79593
29,alpha0.8---w-0-1-2,0.79624
30,alpha0.8---w-0-1-2,0.79286
1,alpha0.2---w-0-1-1,0.80419
2,alpha0.8---w-0-2-1,0.79602
3,alpha0.8---w-0-2-1,0.79247
4,alpha0.8---w-0-2-1,0.79284
5,alpha0.8---w-0-2-1,0.80415
6,alpha0.8---w-0-2-1,0.79099
7,alpha0.8---w-0-2-1,0.79756
8,alpha0.8---w-0-2-1,0.79278
9,alpha0.8---w-0-2-1,0.80732
10,alpha0.8---w-0-2-1,0.79471
11,alpha0.8---w-0-2-1,0.80033
12,alpha0.8---w-0-2-1,0.80029
13,alpha0.8---w-0-2-1,0.80168
14,alpha0.8---w-0-2-1,0.79678
15,alpha0.8---w-0-2-1,0.79564
16,alpha0.8---w-0-2-1,0.79925
17,alpha0.8---w-0-2-1,0.80464
18,alpha0.8---w-0-2-1,0.79141
19,alpha0.8---w-0-2-1,0.79729
20,alpha0.8---w-0-2-1,0.79363
21,alpha0.8---w-0-2-1,0.79574
22,alpha0.8---w-0-2-1,0.8032
23,alpha0.8---w-0-2-1,0.79628
24,alpha0.8---w-0-2-1,0.80562
25,alpha0.8---w-0-2-1,0.80187
26,alpha0.8---w-0-2-1,0.79076
27,alpha0.8---w-0-2-1,0.79942
28,alpha0.8---w-0-2-1,0.79586
29,alpha0.8---w-0-2-1,0.79619
30,alpha0.8---w-0-2-1,0.79288
1,alpha0.2---w-0-1-2,0.8056
2,alpha0.8---w-1-0-2,0.79621
3,alpha0.8---w-1-0-2,0.79265
4,alpha0.8---w-1-0-2,0.79266
5,alpha0.8---w-1-0-2,0.8041
6,alpha0.8---w-1-0-2,0.79099
7,alpha0.8---w-1-0-2,0.79768
8,alpha0.8---w-1-0-2,0.79258
9,alpha0.8---w-1-0-2,0.80724
10,alpha0.8---w-1-0-2,0.79483
11,alpha0.8---w-1-0-2,0.80054
12,alpha0.8---w-1-0-2,0.80023
13,alpha0.8---w-1-0-2,0.8018
14,alpha0.8---w-1-0-2,0.7968
15,alpha0.8---w-1-0-2,0.79555
16,alpha0.8---w-1-0-2,0.79947
17,alpha0.8---w-1-0-2,0.80454
18,alpha0.8---w-1-0-2,0.79155
19,alpha0.8---w-1-0-2,0.79741
20,alpha0.8---w-1-0-2,0.79368
21,alpha0.8---w-1-0-2,0.79587
22,alpha0.8---w-1-0-2,0.80317
23,alpha0.8---w-1-0-2,0.79617
24,alpha0.8---w-1-0-2,0.80578
25,alpha0.8---w-1-0-2,0.80191
26,alpha0.8---w-1-0-2,0.79083
27,alpha0.8---w-1-0-2,0.79935
28,alpha0.8---w-1-0-2,0.79592
29,alpha0.8---w-1-0-2,0.79626
30,alpha0.8---w-1-0-2,0.79296
1,alpha0.2---w-0-2-1,0.80414
2,alpha0.8---w-1-1-1,0.79599
3,alpha0.8---w-1-1-1,0.79244
4,alpha0.8---w-1-1-1,0.79261
5,alpha0.8---w-1-1-1,0.80403
6,alpha0.8---w-1-1-1,0.79089
7,alpha0.8---w-1-1-1,0.79747
8,alpha0.8---w-1-1-1,0.79261
9,alpha0.8---w-1-1-1,0.80715
10,alpha0.8---w-1-1-1,0.79465
11,alpha0.8---w-1-1-1,0.80032
12,alpha0.8---w-1-1-1,0.8001
13,alpha0.8---w-1-1-1,0.80171
14,alpha0.8---w-1-1-1,0.79668
15,alpha0.8---w-1-1-1,0.79548
16,alpha0.8---w-1-1-1,0.79928
17,alpha0.8---w-1-1-1,0.80451
18,alpha0.8---w-1-1-1,0.79136
19,alpha0.8---w-1-1-1,0.79725
20,alpha0.8---w-1-1-1,0.79351
21,alpha0.8---w-1-1-1,0.79573
22,alpha0.8---w-1-1-1,0.80305
23,alpha0.8---w-1-1-1,0.79619
24,alpha0.8---w-1-1-1,0.80565
25,alpha0.8---w-1-1-1,0.80179
26,alpha0.8---w-1-1-1,0.79068
27,alpha0.8---w-1-1-1,0.79934
28,alpha0.8---w-1-1-1,0.79572
29,alpha0.8---w-1-1-1,0.79609
30,alpha0.8---w-1-1-1,0.79286
1,alpha0.2---w-1-0-1,0.80403
2,alpha0.8---w-1-2-0,0.79613
3,alpha0.8---w-1-2-0,0.79257
4,alpha0.8---w-1-2-0,0.79287
5,alpha0.8---w-1-2-0,0.80428
6,alpha0.8---w-1-2-0,0.79113
7,alpha0.8---w-1-2-0,0.79761
8,alpha0.8---w-1-2-0,0.79299
9,alpha0.8---w-1-2-0,0.8074
10,alpha0.8---w-1-2-0,0.7948
11,alpha0.8---w-1-2-0,0.80044
12,alpha0.8---w-1-2-0,0.80031
13,alpha0.8---w-1-2-0,0.80197
14,alpha0.8---w-1-2-0,0.79689
15,alpha0.8---w-1-2-0,0.79573
16,alpha0.8---w-1-2-0,0.79942
17,alpha0.8---w-1-2-0,0.80484
18,alpha0.8---w-1-2-0,0.79153
19,alpha0.8---w-1-2-0,0.79743
20,alpha0.8---w-1-2-0,0.79368
21,alpha0.8---w-1-2-0,0.79593
22,alpha0.8---w-1-2-0,0.80327
23,alpha0.8---w-1-2-0,0.79654
24,alpha0.8---w-1-2-0,0.80584
25,alpha0.8---w-1-2-0,0.80199
26,alpha0.8---w-1-2-0,0.79088
27,alpha0.8---w-1-2-0,0.79967
28,alpha0.8---w-1-2-0,0.79586
29,alpha0.8---w-1-2-0,0.79623
30,alpha0.8---w-1-2-0,0.79311
1,alpha0.2---w-1-0-2,0.80551
2,alpha0.8---w-2-0-1,0.79622
3,alpha0.8---w-2-0-1,0.79265
4,alpha0.8---w-2-0-1,0.79263
5,alpha0.8---w-2-0-1,0.80416
6,alpha0.8---w-2-0-1,0.79106
7,alpha0.8---w-2-0-1,0.79764
8,alpha0.8---w-2-0-1,0.79269
9,alpha0.8---w-2-0-1,0.80724
10,alpha0.8---w-2-0-1,0.79483
11,alpha0.8---w-2-0-1,0.80054
12,alpha0.8---w-2-0-1,0.80016
13,alpha0.8---w-2-0-1,0.802
14,alpha0.8---w-2-0-1,0.79682
15,alpha0.8---w-2-0-1,0.79556
16,alpha0.8---w-2-0-1,0.79956
17,alpha0.8---w-2-0-1,0.80463
18,alpha0.8---w-2-0-1,0.79157
19,alpha0.8---w-2-0-1,0.79745
20,alpha0.8---w-2-0-1,0.79362
21,alpha0.8---w-2-0-1,0.79597
22,alpha0.8---w-2-0-1,0.80314
23,alpha0.8---w-2-0-1,0.79635
24,alpha0.8---w-2-0-1,0.80591
25,alpha0.8---w-2-0-1,0.80193
26,alpha0.8---w-2-0-1,0.79086
27,alpha0.8---w-2-0-1,0.7995
28,alpha0.8---w-2-0-1,0.79583
29,alpha0.8---w-2-0-1,0.79623
30,alpha0.8---w-2-0-1,0.79308
1,alpha0.2---w-1-1-0,0.8036
2,alpha0.8---w-2-1-0,0.79622
3,alpha0.8---w-2-1-0,0.79265
4,alpha0.8---w-2-1-0,0.79277
5,alpha0.8---w-2-1-0,0.80429
6,alpha0.8---w-2-1-0,0.79116
7,alpha0.8---w-2-1-0,0.79766
8,alpha0.8---w-2-1-0,0.79294
9,alpha0.8---w-2-1-0,0.80735
10,alpha0.8---w-2-1-0,0.79485
11,alpha0.8---w-2-1-0,0.80053
12,alpha0.8---w-2-1-0,0.80023
13,alpha0.8---w-2-1-0,0.80213
14,alpha0.8---w-2-1-0,0.79691
15,alpha0.8---w-2-1-0,0.79569
16,alpha0.8---w-2-1-0,0.79956
17,alpha0.8---w-2-1-0,0.80482
18,alpha0.8---w-2-1-0,0.7916
19,alpha0.8---w-2-1-0,0.7975
20,alpha0.8---w-2-1-0,0.79367
21,alpha0.8---w-2-1-0,0.79605
22,alpha0.8---w-2-1-0,0.80324
23,alpha0.8---w-2-1-0,0.79658
24,alpha0.8---w-2-1-0,0.80598
25,alpha0.8---w-2-1-0,0.80203
26,alpha0.8---w-2-1-0,0.79092
27,alpha0.8---w-2-1-0,0.79971
28,alpha0.8---w-2-1-0,0.79584
29,alpha0.8---w-2-1-0,0.79626
30,alpha0.8---w-2-1-0,0.79322
1,alpha0.2---w-1-1-1,0.80211
2,alpha0.8---w-0-1-1,0.79602
3,alpha0.8---w-0-1-1,0.79247
4,alpha0.8---w-0-1-1,0.79276
5,alpha0.8---w-0-1-1,0.80409
6,alpha0.8---w-0-1-1,0.79093
7,alpha0.8---w-0-1-1,0.79756
8,alpha0.8---w-0-1-1,0.79265
9,alpha0.8---w-0-1-1,0.80725
10,alpha0.8---w-0-1-1,0.7947
11,alpha0.8---w-0-1-1,0.80034
12,alpha0.8---w-0-1-1,0.80025
13,alpha0.8---w-0-1-1,0.80162
14,alpha0.8---w-0-1-1,0.79674
15,alpha0.8---w-0-1-1,0.79558
16,alpha0.8---w-0-1-1,0.79924
17,alpha0.8---w-0-1-1,0.80454
18,alpha0.8---w-0-1-1,0.7914
19,alpha0.8---w-0-1-1,0.79727
20,alpha0.8---w-0-1-1,0.79361
21,alpha0.8---w-0-1-1,0.79571
22,alpha0.8---w-0-1-1,0.80315
23,alpha0.8---w-0-1-1,0.79617
24,alpha0.8---w-0-1-1,0.80559
25,alpha0.8---w-0-1-1,0.80183
26,alpha0.8---w-0-1-1,0.79073
27,alpha0.8---w-0-1-1,0.79933
28,alpha0.8---w-0-1-1,0.79585
29,alpha0.8---w-0-1-1,0.79618
30,alpha0.8---w-0-1-1,0.79283
1,alpha0.2---w-1-2-0,0.80415
2,alpha0.8---w-1-0-1,0.79617
3,alpha0.8---w-1-0-1,0.79261
4,alpha0.8---w-1-0-1,0.7926
5,alpha0.8---w-1-0-1,0.80409
6,alpha0.8---w-1-0-1,0.79098
7,alpha0.8---w-1-0-1,0.79762
8,alpha0.8---w-1-0-1,0.7926
9,alpha0.8---w-1-0-1,0.8072
10,alpha0.8---w-1-0-1,0.79479
11,alpha0.8---w-1-0-1,0.8005
12,alpha0.8---w-1-0-1,0.80015
13,alpha0.8---w-1-0-1,0.80186
14,alpha0.8---w-1-0-1,0.79676
15,alpha0.8---w-1-0-1,0.79551
16,alpha0.8---w-1-0-1,0.79947
17,alpha0.8---w-1-0-1,0.80454
18,alpha0.8---w-1-0-1,0.79152
19,alpha0.8---w-1-0-1,0.79739
20,alpha0.8---w-1-0-1,0.79361
21,alpha0.8---w-1-0-1,0.79588
22,alpha0.8---w-1-0-1,0.80311
23,alpha0.8---w-1-0-1,0.79622
24,alpha0.8---w-1-0-1,0.80581
25,alpha0.8---w-1-0-1,0.80188
26,alpha0.8---w-1-0-1,0.7908
27,alpha0.8---w-1-0-1,0.79938
28,alpha0.8---w-1-0-1,0.79583
29,alpha0.8---w-1-0-1,0.7962
30,alpha0.8---w-1-0-1,0.79298
1,alpha0.2---w-2-0-1,0.8039
2,alpha0.8---w-1-1-0,0.79614
3,alpha0.8---w-1-1-0,0.79258
4,alpha0.8---w-1-1-0,0.79279
5,alpha0.8---w-1-1-0,0.80425
6,alpha0.8---w-1-1-0,0.79111
7,alpha0.8---w-1-1-0,0.7976
8,alpha0.8---w-1-1-0,0.79294
9,alpha0.8---w-1-1-0,0.80735
10,alpha0.8---w-1-1-0,0.7948
11,alpha0.8---w-1-1-0,0.80046
12,alpha0.8---w-1-1-0,0.80024
13,alpha0.8---w-1-1-0,0.80202
14,alpha0.8---w-1-1-0,0.79687
15,alpha0.8---w-1-1-0,0.79568
16,alpha0.8---w-1-1-0,0.79946
17,alpha0.8---w-1-1-0,0.8048
18,alpha0.8---w-1-1-0,0.79153
19,alpha0.8---w-1-1-0,0.79743
20,alpha0.8---w-1-1-0,0.79365
21,alpha0.8---w-1-1-0,0.79596
22,alpha0.8---w-1-1-0,0.80322
23,alpha0.8---w-1-1-0,0.79653
24,alpha0.8---w-1-1-0,0.80588
25,alpha0.8---w-1-1-0,0.80198
26,alpha0.8---w-1-1-0,0.79087
27,alpha0.8---w-1-1-0,0.79966
28,alpha0.8---w-1-1-0,0.79582
29,alpha0.8---w-1-1-0,0.79621
30,alpha0.8---w-1-1-0,0.79313
1,alpha0.2---w-2-1-0,0.804
2,alpha0.7---w-0-1-2,0.7815
3,alpha0.7---w-0-1-2,0.77937
4,alpha0.7---w-0-1-2,0.7787
5,alpha0.7---w-0-1-2,0.78875
6,alpha0.7---w-0-1-2,0.77767
7,alpha0.7---w-0-1-2,0.78406
8,alpha0.7---w-0-1-2,0.77854
9,alpha0.7---w-0-1-2,0.7918
10,alpha0.7---w-0-1-2,0.78113
11,alpha0.7---w-0-1-2,0.7879
12,alpha0.7---w-0-1-2,0.78537
13,alpha0.7---w-0-1-2,0.78714
14,alpha0.7---w-0-1-2,0.78342
15,alpha0.7---w-0-1-2,0.78095
16,alpha0.7---w-0-1-2,0.78462
17,alpha0.7---w-0-1-2,0.78975
18,alpha0.7---w-0-1-2,0.77871
19,alpha0.7---w-0-1-2,0.78279
20,alpha0.7---w-0-1-2,0.77984
21,alpha0.7---w-0-1-2,0.78151
22,alpha0.7---w-0-1-2,0.78889
23,alpha0.7---w-0-1-2,0.78303
24,alpha0.7---w-0-1-2,0.7904
25,alpha0.7---w-0-1-2,0.78851
26,alpha0.7---w-0-1-2,0.77754
27,alpha0.7---w-0-1-2,0.78506
28,alpha0.7---w-0-1-2,0.78072
29,alpha0.7---w-0-1-2,0.78351
30,alpha0.7---w-0-1-2,0.77914
1,alpha0.3---w-0-1-1,0.78873
2,alpha0.7---w-0-2-1,0.78127
3,alpha0.7---w-0-2-1,0.77915
4,alpha0.7---w-0-2-1,0.77873
5,alpha0.7---w-0-2-1,0.78874
6,alpha0.7---w-0-2-1,0.77766
7,alpha0.7---w-0-2-1,0.78384
8,alpha0.7---w-0-2-1,0.77868
9,alpha0.7---w-0-2-1,0.79181
10,alpha0.7---w-0-2-1,0.78095
11,alpha0.7---w-0-2-1,0.78767
12,alpha0.7---w-0-2-1,0.78527
13,alpha0.7---w-0-2-1,0.78711
14,alpha0.7---w-0-2-1,0.78331
15,alpha0.7---w-0-2-1,0.78096
16,alpha0.7---w-0-2-1,0.78447
17,alpha0.7---w-0-2-1,0.78984
18,alpha0.7---w-0-2-1,0.77853
19,alpha0.7---w-0-2-1,0.78265
20,alpha0.7---w-0-2-1,0.77966
21,alpha0.7---w-0-2-1,0.78138
22,alpha0.7---w-0-2-1,0.78881
23,alpha0.7---w-0-2-1,0.78315
24,alpha0.7---w-0-2-1,0.79029
25,alpha0.7---w-0-2-1,0.78836
26,alpha0.7---w-0-2-1,0.77747
27,alpha0.7---w-0-2-1,0.78513
28,alpha0.7---w-0-2-1,0.78055
29,alpha0.7---w-0-2-1,0.78334
30,alpha0.7---w-0-2-1,0.77908
1,alpha0.3---w-0-1-2,0.78984
2,alpha0.7---w-1-0-2,0.78166
3,alpha0.7---w-1-0-2,0.77952
4,alpha0.7---w-1-0-2,0.77852
5,alpha0.7---w-1-0-2,0.78877
6,alpha0.7---w-1-0-2,0.77774
7,alpha0.7---w-1-0-2,0.7841
8,alpha0.7---w-1-0-2,0.77846
9,alpha0.7---w-1-0-2,0.79175
10,alpha0.7---w-1-0-2,0.78122
11,alpha0.7---w-1-0-2,0.78806
12,alpha0.7---w-1-0-2,0.78528
13,alpha0.7---w-1-0-2,0.78739
14,alpha0.7---w-1-0-2,0.78345
15,alpha0.7---w-1-0-2,0.78089
16,alpha0.7---w-1-0-2,0.78485
17,alpha0.7---w-1-0-2,0.78976
18,alpha0.7---w-1-0-2,0.77885
19,alpha0.7---w-1-0-2,0.78295
20,alpha0.7---w-1-0-2,0.77985
21,alpha0.7---w-1-0-2,0.78168
22,alpha0.7---w-1-0-2,0.78885
23,alpha0.7---w-1-0-2,0.78307
24,alpha0.7---w-1-0-2,0.79062
25,alpha0.7---w-1-0-2,0.78859
26,alpha0.7---w-1-0-2,0.77762
27,alpha0.7---w-1-0-2,0.7851
28,alpha0.7---w-1-0-2,0.78072
29,alpha0.7---w-1-0-2,0.78353
30,alpha0.7---w-1-0-2,0.77929
1,alpha0.3---w-0-2-1,0.78868
2,alpha0.7---w-1-1-1,0.78113
3,alpha0.7---w-1-1-1,0.77902
4,alpha0.7---w-1-1-1,0.77828
5,alpha0.7---w-1-1-1,0.78848
6,alpha0.7---w-1-1-1,0.77741
7,alpha0.7---w-1-1-1,0.7836
8,alpha0.7---w-1-1-1,0.77832
9,alpha0.7---w-1-1-1,0.79145
10,alpha0.7---w-1-1-1,0.78076
11,alpha0.7---w-1-1-1,0.78756
12,alpha0.7---w-1-1-1,0.78489
13,alpha0.7---w-1-1-1,0.78707
14,alpha0.7---w-1-1-1,0.78308
15,alpha0.7---w-1-1-1,0.78061
16,alpha0.7---w-1-1-1,0.78441
17,alpha0.7---w-1-1-1,0.78954
18,alpha0.7---w-1-1-1,0.77836
19,alpha0.7---w-1-1-1,0.78251
20,alpha0.7---w-1-1-1,0.7794
21,alpha0.7---w-1-1-1,0.78128
22,alpha0.7---w-1-1-1,0.78848
23,alpha0.7---w-1-1-1,0.78292
24,alpha0.7---w-1-1-1,0.79024
25,alpha0.7---w-1-1-1,0.7882
26,alpha0.7---w-1-1-1,0.77724
27,alpha0.7---w-1-1-1,0.78491
28,alpha0.7---w-1-1-1,0.78024
29,alpha0.7---w-1-1-1,0.7831
30,alpha0.7---w-1-1-1,0.77895
1,alpha0.3---w-1-0-1,0.78862
2,alpha0.7---w-1-2-0,0.78141
3,alpha0.7---w-1-2-0,0.77927
4,alpha0.7---w-1-2-0,0.77875
5,alpha0.7---w-1-2-0,0.78892
6,alpha0.7---w-1-2-0,0.77786
7,alpha0.7---w-1-2-0,0.7839
8,alpha0.7---w-1-2-0,0.77897
9,alpha0.7---w-1-2-0,0.79192
10,alpha0.7---w-1-2-0,0.78106
11,alpha0.7---w-1-2-0,0.78781
12,alpha0.7---w-1-2-0,0.78529
13,alpha0.7---w-1-2-0,0.78754
14,alpha0.7---w-1-2-0,0.78345
15,alpha0.7---w-1-2-0,0.78107
16,alpha0.7---w-1-2-0,0.78472
17,alpha0.7---w-1-2-0,0.79013
18,alpha0.7---w-1-2-0,0.77868
19,alpha0.7---w-1-2-0,0.78284
20,alpha0.7---w-1-2-0,0.77974
21,alpha0.7---w-1-2-0,0.78165
22,alpha0.7---w-1-2-0,0.7889
23,alpha0.7---w-1-2-0,0.78352
24,alpha0.7---w-1-2-0,0.79059
25,alpha0.7---w-1-2-0,0.78854
26,alpha0.7---w-1-2-0,0.77763
27,alpha0.7---w-1-2-0,0.78549
28,alpha0.7---w-1-2-0,0.78054
29,alpha0.7---w-1-2-0,0.7834
30,alpha0.7---w-1-2-0,0.77942
1,alpha0.3---w-1-0-2,0.78978
2,alpha0.7---w-2-0-1,0.78158
3,alpha0.7---w-2-0-1,0.77942
4,alpha0.7---w-2-0-1,0.7784
5,alpha0.7---w-2-0-1,0.78879
6,alpha0.7---w-2-0-1,0.77775
7,alpha0.7---w-2-0-1,0.78395
8,alpha0.7---w-2-0-1,0.77851
9,alpha0.7---w-2-0-1,0.79166
10,alpha0.7---w-2-0-1,0.78112
11,alpha0.7---w-2-0-1,0.78796
12,alpha0.7---w-2-0-1,0.78508
13,alpha0.7---w-2-0-1,0.78761
14,alpha0.7---w-2-0-1,0.78339
15,alpha0.7---w-2-0-1,0.78083
16,alpha0.7---w-2-0-1,0.78489
17,alpha0.7---w-2-0-1,0.7898
18,alpha0.7---w-2-0-1,0.77878
19,alpha0.7---w-2-0-1,0.78292
20,alpha0.7---w-2-0-1,0.77969
21,alpha0.7---w-2-0-1,0.78173
22,alpha0.7---w-2-0-1,0.78871
23,alpha0.7---w-2-0-1,0.78325
24,alpha0.7---w-2-0-1,0.7907
25,alpha0.7---w-2-0-1,0.78854
26,alpha0.7---w-2-0-1,0.77759
27,alpha0.7---w-2-0-1,0.78524
28,alpha0.7---w-2-0-1,0.78051
29,alpha0.7---w-2-0-1,0.78341
30,alpha0.7---w-2-0-1,0.7794
1,alpha0.3---w-1-1-0,0.78827
2,alpha0.7---w-2-1-0,0.78156
3,alpha0.7---w-2-1-0,0.77941
4,alpha0.7---w-2-1-0,0.77859
5,alpha0.7---w-2-1-0,0.78895
6,alpha0.7---w-2-1-0,0.77788
7,alpha0.7---w-2-1-0,0.78396
8,alpha0.7---w-2-1-0,0.77886
9,alpha0.7---w-2-1-0,0.79183
10,alpha0.7---w-2-1-0,0.78114
11,alpha0.7---w-2-1-0,0.78793
12,alpha0.7---w-2-1-0,0.78517
13,alpha0.7---w-2-1-0,0.78779
14,alpha0.7---w-2-1-0,0.78351
15,alpha0.7---w-2-1-0,0.78101
16,alpha0.7---w-2-1-0,0.7849
17,alpha0.7---w-2-1-0,0.79007
18,alpha0.7---w-2-1-0,0.77879
19,alpha0.7---w-2-1-0,0.78295
20,alpha0.7---w-2-1-0,0.77975
21,alpha0.7---w-2-1-0,0.78183
22,alpha0.7---w-2-1-0,0.78883
23,alpha0.7---w-2-1-0,0.78358
24,alpha0.7---w-2-1-0,0.79079
25,alpha0.7---w-2-1-0,0.78864
26,alpha0.7---w-2-1-0,0.77767
27,alpha0.7---w-2-1-0,0.78555
28,alpha0.7---w-2-1-0,0.78051
29,alpha0.7---w-2-1-0,0.78345
30,alpha0.7---w-2-1-0,0.77959
1,alpha0.3---w-1-1-1,0.78711
2,alpha0.7---w-0-1-1,0.78128
3,alpha0.7---w-0-1-1,0.77916
4,alpha0.7---w-0-1-1,0.77863
5,alpha0.7---w-0-1-1,0.78866
6,alpha0.7---w-0-1-1,0.77757
7,alpha0.7---w-0-1-1,0.78385
8,alpha0.7---w-0-1-1,0.77851
9,alpha0.7---w-0-1-1,0.79171
10,alpha0.7---w-0-1-1,0.78095
11,alpha0.7---w-0-1-1,0.78769
12,alpha0.7---w-0-1-1,0.78522
13,alpha0.7---w-0-1-1,0.78703
14,alpha0.7---w-0-1-1,0.78327
15,alpha0.7---w-0-1-1,0.78086
16,alpha0.7---w-0-1-1,0.78445
17,alpha0.7---w-0-1-1,0.78969
18,alpha0.7---w-0-1-1,0.77852
19,alpha0.7---w-0-1-1,0.78263
20,alpha0.7---w-0-1-1,0.77965
21,alpha0.7---w-0-1-1,0.78135
22,alpha0.7---w-0-1-1,0.78875
23,alpha0.7---w-0-1-1,0.78299
24,alpha0.7---w-0-1-1,0.79025
25,alpha0.7---w-0-1-1,0.78834
26,alpha0.7---w-0-1-1,0.77741
27,alpha0.7---w-0-1-1,0.785
28,alpha0.7---w-0-1-1,0.78054
29,alpha0.7---w-0-1-1,0.78333
30,alpha0.7---w-0-1-1,0.77901
1,alpha0.3---w-1-2-0,0.78869
2,alpha0.7---w-1-0-1,0.78152
3,alpha0.7---w-1-0-1,0.77938
4,alpha0.7---w-1-0-1,0.77837
5,alpha0.7---w-1-0-1,0.78869
6,alpha0.7---w-1-0-1,0.77765
7,alpha0.7---w-1-0-1,0.78393
8,alpha0.7---w-1-0-1,0.77839
9,alpha0.7---w-1-0-1,0.79161
10,alpha0.7---w-1-0-1,0.78107
11,alpha0.7---w-1-0-1,0.78792
12,alpha0.7---w-1-0-1,0.78509
13,alpha0.7---w-1-0-1,0.7874
14,alpha0.7---w-1-0-1,0.78333
15,alpha0.7---w-1-0-1,0.78076
16,alpha0.7---w-1-0-1,0.78479
17,alpha0.7---w-1-0-1,0.78969
18,alpha0.7---w-1-0-1,0.77871
19,alpha0.7---w-1-0-1,0.78284
20,alpha0.7---w-1-0-1,0.77967
21,alpha0.7---w-1-0-1,0.78161
22,alpha0.7---w-1-0-1,0.78869
23,alpha0.7---w-1-0-1,0.78307
24,alpha0.7---w-1-0-1,0.79057
25,alpha0.7---w-1-0-1,0.78847
26,alpha0.7---w-1-0-1,0.77751
27,alpha0.7---w-1-0-1,0.78507
28,alpha0.7---w-1-0-1,0.78052
29,alpha0.7---w-1-0-1,0.78338
30,alpha0.7---w-1-0-1,0.77924
1,alpha0.3---w-2-0-1,0.78852
2,alpha0.7---w-1-1-0,0.78141
3,alpha0.7---w-1-1-0,0.77927
4,alpha0.7---w-1-1-0,0.7786
5,alpha0.7---w-1-1-0,0.78887
6,alpha0.7---w-1-1-0,0.7778
7,alpha0.7---w-1-1-0,0.78386
8,alpha0.7---w-1-1-0,0.77885
9,alpha0.7---w-1-1-0,0.7918
10,alpha0.7---w-1-1-0,0.78103
11,alpha0.7---w-1-1-0,0.7878
12,alpha0.7---w-1-1-0,0.78516
13,alpha0.7---w-1-1-0,0.78759
14,alpha0.7---w-1-1-0,0.78341
15,alpha0.7---w-1-1-0,0.78097
16,alpha0.7---w-1-1-0,0.78474
17,alpha0.7---w-1-1-0,0.79003
18,alpha0.7---w-1-1-0,0.77866
19,alpha0.7---w-1-1-0,0.78283
20,alpha0.7---w-1-1-0,0.77968
21,alpha0.7---w-1-1-0,0.78167
22,alpha0.7---w-1-1-0,0.78879
23,alpha0.7---w-1-1-0,0.78348
24,alpha0.7---w-1-1-0,0.79063
25,alpha0.7---w-1-1-0,0.78853
26,alpha0.7---w-1-1-0,0.77758
27,alpha0.7---w-1-1-0,0.78545
28,alpha0.7---w-1-1-0,0.78045
29,alpha0.7---w-1-1-0,0.78335
30,alpha0.7---w-1-1-0,0.77943
1,alpha0.3---w-2-1-0,0.78859
2,alpha0.6---w-0-1-2,0.77299
3,alpha0.6---w-0-1-2,0.77233
4,alpha0.6---w-0-1-2,0.7707
5,alpha0.6---w-0-1-2,0.7795
6,alpha0.6---w-0-1-2,0.77041
7,alpha0.6---w-0-1-2,0.7766
8,alpha0.6---w-0-1-2,0.77077
9,alpha0.6---w-0-1-2,0.7825
10,alpha0.6---w-0-1-2,0.77355
11,alpha0.6---w-0-1-2,0.78129
12,alpha0.6---w-0-1-2,0.77647
13,alpha0.6---w-0-1-2,0.77874
14,alpha0.6---w-0-1-2,0.77617
15,alpha0.6---w-0-1-2,0.77246
16,alpha0.6---w-0-1-2,0.7761
17,alpha0.6---w-0-1-2,0.7809
18,alpha0.6---w-0-1-2,0.77205
19,alpha0.6---w-0-1-2,0.77442
20,alpha0.6---w-0-1-2,0.77218
21,alpha0.6---w-0-1-2,0.77334
22,alpha0.6---w-0-1-2,0.78074
23,alpha0.6---w-0-1-2,0.7759
24,alpha0.6---w-0-1-2,0.78132
25,alpha0.6---w-0-1-2,0.78104
26,alpha0.6---w-0-1-2,0.77038
27,alpha0.6---w-0-1-2,0.77683
28,alpha0.6---w-0-1-2,0.77162
29,alpha0.6---w-0-1-2,0.77679
30,alpha0.6---w-0-1-2,0.77156
1,alpha0.4---w-0-1-1,0.77924
2,alpha0.6---w-0-2-1,0.77255
3,alpha0.6---w-0-2-1,0.77189
4,alpha0.6---w-0-2-1,0.77064
5,alpha0.6---w-0-2-1,0.77937
6,alpha0.6---w-0-2-1,0.77029
7,alpha0.6---w-0-2-1,0.7762
8,alpha0.6---w-0-2-1,0.77084
9,alpha0.6---w-0-2-1,0.78242
10,alpha0.6---w-0-2-1,0.7732
11,alpha0.6---w-0-2-1,0.78087
12,alpha0.6---w-0-2-1,0.77622
13,alpha0.6---w-0-2-1,0.77858
14,alpha0.6---w-0-2-1,0.77587
15,alpha0.6---w-0-2-1,0.77235
16,alpha0.6---w-0-2-1,0.77583
17,alpha0.6---w-0-2-1,0.78094
18,alpha0.6---w-0-2-1,0.77168
19,alpha0.6---w-0-2-1,0.77409
20,alpha0.6---w-0-2-1,0.77182
21,alpha0.6---w-0-2-1,0.77304
22,alpha0.6---w-0-2-1,0.78053
23,alpha0.6---w-0-2-1,0.77593
24,alpha0.6---w-0-2-1,0.78104
25,alpha0.6---w-0-2-1,0.78067
26,alpha0.6---w-0-2-1,0.77021
27,alpha0.6---w-0-2-1,0.77681
28,alpha0.6---w-0-2-1,0.77128
29,alpha0.6---w-0-2-1,0.77646
30,alpha0.6---w-0-2-1,0.77133
1,alpha0.4---w-0-1-2,0.78008
2,alpha0.6---w-1-0-2,0.77321
3,alpha0.6---w-1-0-2,0.77253
4,alpha0.6---w-1-0-2,0.77045
5,alpha0.6---w-1-0-2,0.77955
6,alpha0.6---w-1-0-2,0.77049
7,alpha0.6---w-1-0-2,0.77664
8,alpha0.6---w-1-0-2,0.77065
9,alpha0.6---w-1-0-2,0.78242
10,alpha0.6---w-1-0-2,0.77366
11,alpha0.6---w-1-0-2,0.7815
12,alpha0.6---w-1-0-2,0.77637
13,alpha0.6---w-1-0-2,0.77908
14,alpha0.6---w-1-0-2,0.77623
15,alpha0.6---w-1-0-2,0.77237
16,alpha0.6---w-1-0-2,0.7764
17,alpha0.6---w-1-0-2,0.78092
18,alpha0.6---w-1-0-2,0.77224
19,alpha0.6---w-1-0-2,0.77465
20,alpha0.6---w-1-0-2,0.77223
21,alpha0.6---w-1-0-2,0.77357
22,alpha0.6---w-1-0-2,0.78069
23,alpha0.6---w-1-0-2,0.77595
24,alpha0.6---w-1-0-2,0.78159
25,alpha0.6---w-1-0-2,0.7812
26,alpha0.6---w-1-0-2,0.77048
27,alpha0.6---w-1-0-2,0.77688
28,alpha0.6---w-1-0-2,0.77163
29,alpha0.6---w-1-0-2,0.77683
30,alpha0.6---w-1-0-2,0.77176
1,alpha0.4---w-0-2-1,0.7792
2,alpha0.6---w-1-1-1,0.77223
3,alpha0.6---w-1-1-1,0.7716
4,alpha0.6---w-1-1-1,0.7699
5,alpha0.6---w-1-1-1,0.77892
6,alpha0.6---w-1-1-1,0.76981
7,alpha0.6---w-1-1-1,0.77573
8,alpha0.6---w-1-1-1,0.7702
9,alpha0.6---w-1-1-1,0.7818
10,alpha0.6---w-1-1-1,0.77281
11,alpha0.6---w-1-1-1,0.78058
12,alpha0.6---w-1-1-1,0.77558
13,alpha0.6---w-1-1-1,0.77841
14,alpha0.6---w-1-1-1,0.77546
15,alpha0.6---w-1-1-1,0.77175
16,alpha0.6---w-1-1-1,0.77559
17,alpha0.6---w-1-1-1,0.78039
18,alpha0.6---w-1-1-1,0.77132
19,alpha0.6---w-1-1-1,0.7738
20,alpha0.6---w-1-1-1,0.77137
21,alpha0.6---w-1-1-1,0.77278
22,alpha0.6---w-1-1-1,0.77994
23,alpha0.6---w-1-1-1,0.7755
24,alpha0.6---w-1-1-1,0.78084
25,alpha0.6---w-1-1-1,0.78039
26,alpha0.6---w-1-1-1,0.76975
27,alpha0.6---w-1-1-1,0.77639
28,alpha0.6---w-1-1-1,0.77075
29,alpha0.6---w-1-1-1,0.77602
30,alpha0.6---w-1-1-1,0.77105
1,alpha0.4---w-1-0-1,0.77919
2,alpha0.6---w-1-2-0,0.77271
3,alpha0.6---w-1-2-0,0.77204
4,alpha0.6---w-1-2-0,0.77061
5,alpha0.6---w-1-2-0,0.7796
6,alpha0.6---w-1-2-0,0.77053
7,alpha0.6---w-1-2-0,0.77624
8,alpha0.6---w-1-2-0,0.77117
9,alpha0.6---w-1-2-0,0.78256
10,alpha0.6---w-1-2-0,0.77331
11,alpha0.6---w-1-2-0,0.78102
12,alpha0.6---w-1-2-0,0.77622
13,alpha0.6---w-1-2-0,0.77913
14,alpha0.6---w-1-2-0,0.77603
15,alpha0.6---w-1-2-0,0.77247
16,alpha0.6---w-1-2-0,0.77613
17,alpha0.6---w-1-2-0,0.78131
18,alpha0.6---w-1-2-0,0.77184
19,alpha0.6---w-1-2-0,0.77432
20,alpha0.6---w-1-2-0,0.77193
21,alpha0.6---w-1-2-0,0.77337
22,alpha0.6---w-1-2-0,0.7806
23,alpha0.6---w-1-2-0,0.7764
24,alpha0.6---w-1-2-0,0.78141
25,alpha0.6---w-1-2-0,0.78089
26,alpha0.6---w-1-2-0,0.7704
27,alpha0.6---w-1-2-0,0.77727
28,alpha0.6---w-1-2-0,0.77126
29,alpha0.6---w-1-2-0,0.77653
30,alpha0.6---w-1-2-0,0.77178
1,alpha0.4---w-1-0-2,0.78005
2,alpha0.6---w-2-0-1,0.77296
3,alpha0.6---w-2-0-1,0.77227
4,alpha0.6---w-2-0-1,0.77018
5,alpha0.6---w-2-0-1,0.77948
6,alpha0.6---w-2-0-1,0.7704
7,alpha0.6---w-2-0-1,0.77632
8,alpha0.6---w-2-0-1,0.77054
9,alpha0.6---w-2-0-1,0.7822
10,alpha0.6---w-2-0-1,0.77341
11,alpha0.6---w-2-0-1,0.78121
12,alpha0.6---w-2-0-1,0.77597
13,alpha0.6---w-2-0-1,0.77927
14,alpha0.6---w-2-0-1,0.77603
15,alpha0.6---w-2-0-1,0.77217
16,alpha0.6---w-2-0-1,0.77633
17,alpha0.6---w-2-0-1,0.78083
18,alpha0.6---w-2-0-1,0.77202
19,alpha0.6---w-2-0-1,0.77449
20,alpha0.6---w-2-0-1,0.7719
21,alpha0.6---w-2-0-1,0.77351
22,alpha0.6---w-2-0-1,0.78037
23,alpha0.6---w-2-0-1,0.77608
24,alpha0.6---w-2-0-1,0.78157
25,alpha0.6---w-2-0-1,0.78101
26,alpha0.6---w-2-0-1,0.77035
27,alpha0.6---w-2-0-1,0.77694
28,alpha0.6---w-2-0-1,0.77125
29,alpha0.6---w-2-0-1,0.77657
30,alpha0.6---w-2-0-1,0.77178
1,alpha0.4---w-1-1-0,0.7789
2,alpha0.6---w-2-1-0,0.77289
3,alpha0.6---w-2-1-0,0.77222
4,alpha0.6---w-2-1-0,0.7704
5,alpha0.6---w-2-1-0,0.77966
6,alpha0.6---w-2-1-0,0.77055
7,alpha0.6---w-2-1-0,0.77632
8,alpha0.6---w-2-1-0,0.77099
9,alpha0.6---w-2-1-0,0.78241
10,alpha0.6---w-2-1-0,0.77341
11,alpha0.6---w-2-1-0,0.78115
12,alpha0.6---w-2-1-0,0.77606
13,alpha0.6---w-2-1-0,0.77948
14,alpha0.6---w-2-1-0,0.77613
15,alpha0.6---w-2-1-0,0.77238
16,alpha0.6---w-2-1-0,0.77633
17,alpha0.6---w-2-1-0,0.78119
18,alpha0.6---w-2-1-0,0.77198
19,alpha0.6---w-2-1-0,0.77449
20,alpha0.6---w-2-1-0,0.77197
21,alpha0.6---w-2-1-0,0.77362
22,alpha0.6---w-2-1-0,0.78049
23,alpha0.6---w-2-1-0,0.77649
24,alpha0.6---w-2-1-0,0.78165
25,alpha0.6---w-2-1-0,0.78107
26,alpha0.6---w-2-1-0,0.77044
27,alpha0.6---w-2-1-0,0.77735
28,alpha0.6---w-2-1-0,0.77123
29,alpha0.6---w-2-1-0,0.7766
30,alpha0.6---w-2-1-0,0.77203
1,alpha0.4---w-1-1-1,0.77805
2,alpha0.6---w-0-1-1,0.77259
3,alpha0.6---w-0-1-1,0.77194
4,alpha0.6---w-0-1-1,0.77051
5,alpha0.6---w-0-1-1,0.77928
6,alpha0.6---w-0-1-1,0.77018
7,alpha0.6---w-0-1-1,0.77622
8,alpha0.6---w-0-1-1,0.77063
9,alpha0.6---w-0-1-1,0.78228
10,alpha0.6---w-0-1-1,0.7732
11,alpha0.6---w-0-1-1,0.78091
12,alpha0.6---w-0-1-1,0.77617
13,alpha0.6---w-0-1-1,0.77849
14,alpha0.6---w-0-1-1,0.77585
15,alpha0.6---w-0-1-1,0.77224
16,alpha0.6---w-0-1-1,0.7758
17,alpha0.6---w-0-1-1,0.78074
18,alpha0.6---w-0-1-1,0.77168
19,alpha0.6---w-0-1-1,0.77408
20,alpha0.6---w-0-1-1,0.77182
21,alpha0.6---w-0-1-1,0.77302
22,alpha0.6---w-0-1-1,0.78046
23,alpha0.6---w-0-1-1,0.77575
24,alpha0.6---w-0-1-1,0.78102
25,alpha0.6---w-0-1-1,0.78069
26,alpha0.6---w-0-1-1,0.77013
27,alpha0.6---w-0-1-1,0.77665
28,alpha0.6---w-0-1-1,0.77128
29,alpha0.6---w-0-1-1,0.77646
30,alpha0.6---w-0-1-1,0.77127
1,alpha0.4---w-1-2-0,0.77921
2,alpha0.6---w-1-0-1,0.77291
3,alpha0.6---w-1-0-1,0.77224
4,alpha0.6---w-1-0-1,0.77015
5,alpha0.6---w-1-0-1,0.77935
6,alpha0.6---w-1-0-1,0.77028
7,alpha0.6---w-1-0-1,0.7763
8,alpha0.6---w-1-0-1,0.77042
9,alpha0.6---w-1-0-1,0.78215
10,alpha0.6---w-1-0-1,0.77337
11,alpha0.6---w-1-0-1,0.7812
12,alpha0.6---w-1-0-1,0.776
13,alpha0.6---w-1-0-1,0.779
14,alpha0.6---w-1-0-1,0.77595
15,alpha0.6---w-1-0-1,0.7721
16,alpha0.6---w-1-0-1,0.77621
17,alpha0.6---w-1-0-1,0.78071
18,alpha0.6---w-1-0-1,0.77196
19,alpha0.6---w-1-0-1,0.77441
20,alpha0.6---w-1-0-1,0.77189
21,alpha0.6---w-1-0-1,0.77336
22,alpha0.6---w-1-0-1,0.78036
23,alpha0.6---w-1-0-1,0.77584
24,alpha0.6---w-1-0-1,0.78142
25,alpha0.6---w-1-0-1,0.78094
26,alpha0.6---w-1-0-1,0.77025
27,alpha0.6---w-1-0-1,0.77674
28,alpha0.6---w-1-0-1,0.77128
29,alpha0.6---w-1-0-1,0.77653
30,alpha0.6---w-1-0-1,0.77159
1,alpha0.4---w-2-0-1,0.77911
2,alpha0.6---w-1-1-0,0.77267
3,alpha0.6---w-1-1-0,0.77201
4,alpha0.6---w-1-1-0,0.77038
5,alpha0.6---w-1-1-0,0.7795
6,alpha0.6---w-1-1-0,0.77041
7,alpha0.6---w-1-1-0,0.77615
8,alpha0.6---w-1-1-0,0.77095
9,alpha0.6---w-1-1-0,0.78236
10,alpha0.6---w-1-1-0,0.77324
11,alpha0.6---w-1-1-0,0.78097
12,alpha0.6---w-1-1-0,0.77601
13,alpha0.6---w-1-1-0,0.77918
14,alpha0.6---w-1-1-0,0.77596
15,alpha0.6---w-1-1-0,0.7723
16,alpha0.6---w-1-1-0,0.77611
17,alpha0.6---w-1-1-0,0.78113
18,alpha0.6---w-1-1-0,0.77178
19,alpha0.6---w-1-1-0,0.77428
20,alpha0.6---w-1-1-0,0.77183
21,alpha0.6---w-1-1-0,0.77337
22,alpha0.6---w-1-1-0,0.78042
23,alpha0.6---w-1-1-0,0.77632
24,alpha0.6---w-1-1-0,0.78142
25,alpha0.6---w-1-1-0,0.78087
26,alpha0.6---w-1-1-0,0.77029
27,alpha0.6---w-1-1-0,0.77719
28,alpha0.6---w-1-1-0,0.77112
29,alpha0.6---w-1-1-0,0.77644
30,alpha0.6---w-1-1-0,0.77178
1,alpha0.4---w-2-1-0,0.77914
2,alpha0.5---w-0-1-2,0.77077
3,alpha0.5---w-0-1-2,0.7716
4,alpha0.5---w-0-1-2,0.76896
5,alpha0.5---w-0-1-2,0.77658
6,alpha0.5---w-0-1-2,0.76933
7,alpha0.5---w-0-1-2,0.77545
8,alpha0.5---w-0-1-2,0.76953
9,alpha0.5---w-0-1-2,0.77958
10,alpha0.5---w-0-1-2,0.77221
11,alpha0.5---w-0-1-2,0.78074
12,alpha0.5---w-0-1-2,0.7738
13,alpha0.5---w-0-1-2,0.77664
14,alpha0.5---w-0-1-2,0.7752
15,alpha0.5---w-0-1-2,0.77031
16,alpha0.5---w-0-1-2,0.77396
17,alpha0.5---w-0-1-2,0.7782
18,alpha0.5---w-0-1-2,0.77164
19,alpha0.5---w-0-1-2,0.77239
20,alpha0.5---w-0-1-2,0.7709
21,alpha0.5---w-0-1-2,0.77145
22,alpha0.5---w-0-1-2,0.77895
23,alpha0.5---w-0-1-2,0.77492
24,alpha0.5---w-0-1-2,0.7786
25,alpha0.5---w-0-1-2,0.77965
26,alpha0.5---w-0-1-2,0.76948
27,alpha0.5---w-0-1-2,0.77483
28,alpha0.5---w-0-1-2,0.76884
29,alpha0.5---w-0-1-2,0.77624
30,alpha0.5---w-0-1-2,0.77029
1,alpha0.5---w-0-1-1,0.77596
2,alpha0.5---w-0-2-1,0.77006
3,alpha0.5---w-0-2-1,0.77089
4,alpha0.5---w-0-2-1,0.76875
5,alpha0.5---w-0-2-1,0.77626
6,alpha0.5---w-0-2-1,0.76906
7,alpha0.5---w-0-2-1,0.7748
8,alpha0.5---w-0-2-1,0.76945
9,alpha0.5---w-0-2-1,0.77938
10,alpha0.5---w-0-2-1,0.77163
11,alpha0.5---w-0-2-1,0.78007
12,alpha0.5---w-0-2-1,0.77335
13,alpha0.5---w-0-2-1,0.77629
14,alpha0.5---w-0-2-1,0.77464
15,alpha0.5---w-0-2-1,0.77004
16,alpha0.5---w-0-2-1,0.77352
17,alpha0.5---w-0-2-1,0.77812
18,alpha0.5---w-0-2-1,0.77102
19,alpha0.5---w-0-2-1,0.77182
20,alpha0.5---w-0-2-1,0.77028
21,alpha0.5---w-0-2-1,0.77091
22,alpha0.5---w-0-2-1,0.77853
23,alpha0.5---w-0-2-1,0.77481
24,alpha0.5---w-0-2-1,0.7781
25,alpha0.5---w-0-2-1,0.77897
26,alpha0.5---w-0-2-1,0.76916
27,alpha0.5---w-0-2-1,0.77465
28,alpha0.5---w-0-2-1,0.76829
29,alpha0.5---w-0-2-1,0.77571
30,alpha0.5---w-0-2-1,0.76984
1,alpha0.5---w-0-1-2,0.77655
2,alpha0.5---w-1-0-2,0.77106
3,alpha0.5---w-1-0-2,0.77186
4,alpha0.5---w-1-0-2,0.76863
5,alpha0.5---w-1-0-2,0.77666
6,alpha0.5---w-1-0-2,0.76943
7,alpha0.5---w-1-0-2,0.77548
8,alpha0.5---w-1-0-2,0.76934
9,alpha0.5---w-1-0-2,0.77949
10,alpha0.5---w-1-0-2,0.77235
11,alpha0.5---w-1-0-2,0.78099
12,alpha0.5---w-1-0-2,0.7737
13,alpha0.5---w-1-0-2,0.77707
14,alpha0.5---w-1-0-2,0.77529
15,alpha0.5---w-1-0-2,0.77019
16,alpha0.5---w-1-0-2,0.7743
17,alpha0.5---w-1-0-2,0.77821
18,alpha0.5---w-1-0-2,0.7719
19,alpha0.5---w-1-0-2,0.77273
20,alpha0.5---w-1-0-2,0.77099
21,alpha0.5---w-1-0-2,0.77172
22,alpha0.5---w-1-0-2,0.77888
23,alpha0.5---w-1-0-2,0.77498
24,alpha0.5---w-1-0-2,0.77892
25,alpha0.5---w-1-0-2,0.7799
26,alpha0.5---w-1-0-2,0.76958
27,alpha0.5---w-1-0-2,0.77488
28,alpha0.5---w-1-0-2,0.76887
29,alpha0.5---w-1-0-2,0.7763
30,alpha0.5---w-1-0-2,0.77055
1,alpha0.5---w-0-2-1,0.77592
2,alpha0.5---w-1-1-1,0.76949
3,alpha0.5---w-1-1-1,0.77038
4,alpha0.5---w-1-1-1,0.76765
5,alpha0.5---w-1-1-1,0.77556
6,alpha0.5---w-1-1-1,0.76828
7,alpha0.5---w-1-1-1,0.77403
8,alpha0.5---w-1-1-1,0.76845
9,alpha0.5---w-1-1-1,0.77843
10,alpha0.5---w-1-1-1,0.77098
11,alpha0.5---w-1-1-1,0.77954
12,alpha0.5---w-1-1-1,0.77239
13,alpha0.5---w-1-1-1,0.77591
14,alpha0.5---w-1-1-1,0.774
15,alpha0.5---w-1-1-1,0.76912
16,alpha0.5---w-1-1-1,0.77302
17,alpha0.5---w-1-1-1,0.77725
18,alpha0.5---w-1-1-1,0.77041
19,alpha0.5---w-1-1-1,0.77132
20,alpha0.5---w-1-1-1,0.7696
21,alpha0.5---w-1-1-1,0.77042
22,alpha0.5---w-1-1-1,0.77762
23,alpha0.5---w-1-1-1,0.77411
24,alpha0.5---w-1-1-1,0.77767
25,alpha0.5---w-1-1-1,0.77853
26,alpha0.5---w-1-1-1,0.7684
27,alpha0.5---w-1-1-1,0.77397
28,alpha0.5---w-1-1-1,0.76747
29,alpha0.5---w-1-1-1,0.77501
30,alpha0.5---w-1-1-1,0.76933
1,alpha0.5---w-1-0-1,0.77594
2,alpha0.5---w-1-2-0,0.77021
3,alpha0.5---w-1-2-0,0.77103
4,alpha0.5---w-1-2-0,0.76865
5,alpha0.5---w-1-2-0,0.77651
6,alpha0.5---w-1-2-0,0.76932
7,alpha0.5---w-1-2-0,0.77482
8,alpha0.5---w-1-2-0,0.76978
9,alpha0.5---w-1-2-0,0.77953
10,alpha0.5---w-1-2-0,0.77173
11,alpha0.5---w-1-2-0,0.78022
12,alpha0.5---w-1-2-0,0.77331
13,alpha0.5---w-1-2-0,0.77695
14,alpha0.5---w-1-2-0,0.77481
15,alpha0.5---w-1-2-0,0.77013
16,alpha0.5---w-1-2-0,0.77386
17,alpha0.5---w-1-2-0,0.77857
18,alpha0.5---w-1-2-0,0.77117
19,alpha0.5---w-1-2-0,0.77207
20,alpha0.5---w-1-2-0,0.77043
21,alpha0.5---w-1-2-0,0.77128
22,alpha0.5---w-1-2-0,0.77857
23,alpha0.5---w-1-2-0,0.77535
24,alpha0.5---w-1-2-0,0.7785
25,alpha0.5---w-1-2-0,0.77922
26,alpha0.5---w-1-2-0,0.76938
27,alpha0.5---w-1-2-0,0.7752
28,alpha0.5---w-1-2-0,0.76826
29,alpha0.5---w-1-2-0,0.77577
30,alpha0.5---w-1-2-0,0.77038
1,alpha0.5---w-1-0-2,0.77654
2,alpha0.5---w-2-0-1,0.77057
3,alpha0.5---w-2-0-1,0.77137
4,alpha0.5---w-2-0-1,0.76815
5,alpha0.5---w-2-0-1,0.77646
6,alpha0.5---w-2-0-1,0.76917
7,alpha0.5---w-2-0-1,0.77492
8,alpha0.5---w-2-0-1,0.76899
9,alpha0.5---w-2-0-1,0.77907
10,alpha0.5---w-2-0-1,0.77188
11,alpha0.5---w-2-0-1,0.78046
12,alpha0.5---w-2-0-1,0.77305
13,alpha0.5---w-2-0-1,0.77716
14,alpha0.5---w-2-0-1,0.77489
15,alpha0.5---w-2-0-1,0.76981
16,alpha0.5---w-2-0-1,0.77406
17,alpha0.5---w-2-0-1,0.77793
18,alpha0.5---w-2-0-1,0.77145
19,alpha0.5---w-2-0-1,0.77237
20,alpha0.5---w-2-0-1,0.77044
21,alpha0.5---w-2-0-1,0.77149
22,alpha0.5---w-2-0-1,0.7783
23,alpha0.5---w-2-0-1,0.77499
24,alpha0.5---w-2-0-1,0.77871
25,alpha0.5---w-2-0-1,0.77951
26,alpha0.5---w-2-0-1,0.76929
27,alpha0.5---w-2-0-1,0.7748
28,alpha0.5---w-2-0-1,0.76828
29,alpha0.5---w-2-0-1,0.77586
30,alpha0.5---w-2-0-1,0.77041
1,alpha0.5---w-1-1-0,0.77572
2,alpha0.5---w-2-1-0,0.77044
3,alpha0.5---w-2-1-0,0.77126
4,alpha0.5---w-2-1-0,0.76839
5,alpha0.5---w-2-1-0,0.77663
6,alpha0.5---w-2-1-0,0.76932
7,alpha0.5---w-2-1-0,0.7749
8,alpha0.5---w-2-1-0,0.76951
9,alpha0.5---w-2-1-0,0.77932
10,alpha0.5---w-2-1-0,0.77184
11,alpha0.5---w-2-1-0,0.78035
12,alpha0.5---w-2-1-0,0.77311
13,alpha0.5---w-2-1-0,0.7774
14,alpha0.5---w-2-1-0,0.77497
15,alpha0.5---w-2-1-0,0.77002
16,alpha0.5---w-2-1-0,0.77405
17,alpha0.5---w-2-1-0,0.77837
18,alpha0.5---w-2-1-0,0.77135
19,alpha0.5---w-2-1-0,0.77229
20,alpha0.5---w-2-1-0,0.7705
21,alpha0.5---w-2-1-0,0.77159
22,alpha0.5---w-2-1-0,0.77842
23,alpha0.5---w-2-1-0,0.77547
24,alpha0.5---w-2-1-0,0.77878
25,alpha0.5---w-2-1-0,0.77951
26,alpha0.5---w-2-1-0,0.7694
27,alpha0.5---w-2-1-0,0.7753
28,alpha0.5---w-2-1-0,0.76822
29,alpha0.5---w-2-1-0,0.77587
30,alpha0.5---w-2-1-0,0.7707
1,alpha0.5---w-1-1-1,0.77514
2,alpha0.5---w-0-1-1,0.77013
3,alpha0.5---w-0-1-1,0.77098
4,alpha0.5---w-0-1-1,0.76861
5,alpha0.5---w-0-1-1,0.77616
6,alpha0.5---w-0-1-1,0.76892
7,alpha0.5---w-0-1-1,0.77485
8,alpha0.5---w-0-1-1,0.76921
9,alpha0.5---w-0-1-1,0.77921
10,alpha0.5---w-0-1-1,0.77165
11,alpha0.5---w-0-1-1,0.78014
12,alpha0.5---w-0-1-1,0.7733
13,alpha0.5---w-0-1-1,0.77619
14,alpha0.5---w-0-1-1,0.77466
15,alpha0.5---w-0-1-1,0.76992
16,alpha0.5---w-0-1-1,0.77348
17,alpha0.5---w-0-1-1,0.77787
18,alpha0.5---w-0-1-1,0.77105
19,alpha0.5---w-0-1-1,0.77184
20,alpha0.5---w-0-1-1,0.77031
21,alpha0.5---w-0-1-1,0.77091
22,alpha0.5---w-0-1-1,0.77847
23,alpha0.5---w-0-1-1,0.7746
24,alpha0.5---w-0-1-1,0.77809
25,alpha0.5---w-0-1-1,0.77905
26,alpha0.5---w-0-1-1,0.76905
27,alpha0.5---w-0-1-1,0.77447
28,alpha0.5---w-0-1-1,0.76829
29,alpha0.5---w-0-1-1,0.77572
30,alpha0.5---w-0-1-1,0.76978
1,alpha0.5---w-1-2-0,0.77593
2,alpha0.5---w-1-0-1,0.77054
3,alpha0.5---w-1-0-1,0.77135
4,alpha0.5---w-1-0-1,0.76813
5,alpha0.5---w-1-0-1,0.7763
6,alpha0.5---w-1-0-1,0.76904
7,alpha0.5---w-1-0-1,0.77492
8,alpha0.5---w-1-0-1,0.7689
9,alpha0.5---w-1-0-1,0.77902
10,alpha0.5---w-1-0-1,0.77185
11,alpha0.5---w-1-0-1,0.78048
12,alpha0.5---w-1-0-1,0.77311
13,alpha0.5---w-1-0-1,0.77684
14,alpha0.5---w-1-0-1,0.77482
15,alpha0.5---w-1-0-1,0.76974
16,alpha0.5---w-1-0-1,0.77394
17,alpha0.5---w-1-0-1,0.77781
18,alpha0.5---w-1-0-1,0.7714
19,alpha0.5---w-1-0-1,0.77229
20,alpha0.5---w-1-0-1,0.77044
21,alpha0.5---w-1-0-1,0.77133
22,alpha0.5---w-1-0-1,0.77832
23,alpha0.5---w-1-0-1,0.77472
24,alpha0.5---w-1-0-1,0.77856
25,alpha0.5---w-1-0-1,0.77945
26,alpha0.5---w-1-0-1,0.76918
27,alpha0.5---w-1-0-1,0.77457
28,alpha0.5---w-1-0-1,0.76831
29,alpha0.5---w-1-0-1,0.77582
30,alpha0.5---w-1-0-1,0.77019
1,alpha0.5---w-2-0-1,0.77589
2,alpha0.5---w-1-1-0,0.77012
3,alpha0.5---w-1-1-0,0.77096
4,alpha0.5---w-1-1-0,0.76832
5,alpha0.5---w-1-1-0,0.77637
6,alpha0.5---w-1-1-0,0.76911
7,alpha0.5---w-1-1-0,0.77465
8,alpha0.5---w-1-1-0,0.76945
9,alpha0.5---w-1-1-0,0.77923
10,alpha0.5---w-1-1-0,0.77159
11,alpha0.5---w-1-1-0,0.7801
12,alpha0.5---w-1-1-0,0.77301
13,alpha0.5---w-1-1-0,0.77697
14,alpha0.5---w-1-1-0,0.7747
15,alpha0.5---w-1-1-0,0.76988
16,alpha0.5---w-1-1-0,0.77376
17,alpha0.5---w-1-1-0,0.77827
18,alpha0.5---w-1-1-0,0.77106
19,alpha0.5---w-1-1-0,0.77199
20,alpha0.5---w-1-1-0,0.77028
21,alpha0.5---w-1-1-0,0.77124
22,alpha0.5---w-1-1-0,0.7783
23,alpha0.5---w-1-1-0,0.77521
24,alpha0.5---w-1-1-0,0.77846
25,alpha0.5---w-1-1-0,0.77919
26,alpha0.5---w-1-1-0,0.76918
27,alpha0.5---w-1-1-0,0.77506
28,alpha0.5---w-1-1-0,0.76803
29,alpha0.5---w-1-1-0,0.77563
30,alpha0.5---w-1-1-0,0.77034
1,alpha0.5---w-2-1-0,0.7759
2,alpha0.4---w-0-1-2,0.77489
3,alpha0.4---w-0-1-2,0.77719
4,alpha0.4---w-0-1-2,0.77352
5,alpha0.4---w-0-1-2,0.78004
6,alpha0.4---w-0-1-2,0.77446
7,alpha0.4---w-0-1-2,0.78063
8,alpha0.4---w-0-1-2,0.77482
9,alpha0.4---w-0-1-2,0.78314
10,alpha0.4---w-0-1-2,0.77715
11,alpha0.4---w-0-1-2,0.78627
12,alpha0.4---w-0-1-2,0.77744
13,alpha0.4---w-0-1-2,0.78088
14,alpha0.4---w-0-1-2,0.78054
15,alpha0.4---w-0-1-2,0.77456
16,alpha0.4---w-0-1-2,0.77825
17,alpha0.4---w-0-1-2,0.7817
18,alpha0.4---w-0-1-2,0.77749
19,alpha0.4---w-0-1-2,0.77677
20,alpha0.4---w-0-1-2,0.77602
21,alpha0.4---w-0-1-2,0.77587
22,alpha0.4---w-0-1-2,0.78356
23,alpha0.4---w-0-1-2,0.78011
24,alpha0.4---w-0-1-2,0.78231
25,alpha0.4---w-0-1-2,0.78436
26,alpha0.4---w-0-1-2,0.77484
27,alpha0.4---w-0-1-2,0.77909
28,alpha0.4---w-0-1-2,0.77245
29,alpha0.4---w-0-1-2,0.78189
30,alpha0.4---w-0-1-2,0.77536
1,alpha0.6---w-0-1-1,0.77896
2,alpha0.4---w-0-2-1,0.77385
3,alpha0.4---w-0-2-1,0.77615
4,alpha0.4---w-0-2-1,0.7731
5,alpha0.4---w-0-2-1,0.77949
6,alpha0.4---w-0-2-1,0.77399
7,alpha0.4---w-0-2-1,0.77969
8,alpha0.4---w-0-2-1,0.77454
9,alpha0.4---w-0-2-1,0.78276
10,alpha0.4---w-0-2-1,0.77629
11,alpha0.4---w-0-2-1,0.7853
12,alpha0.4---w-0-2-1,0.77671
13,alpha0.4---w-0-2-1,0.78029
14,alpha0.4---w-0-2-1,0.77965
15,alpha0.4---w-0-2-1,0.77406
16,alpha0.4---w-0-2-1,0.77761
17,alpha0.4---w-0-2-1,0.78146
18,alpha0.4---w-0-2-1,0.77656
19,alpha0.4---w-0-2-1,0.77589
20,alpha0.4---w-0-2-1,0.7751
21,alpha0.4---w-0-2-1,0.77503
22,alpha0.4---w-0-2-1,0.78287
23,alpha0.4---w-0-2-1,0.7798
24,alpha0.4---w-0-2-1,0.78153
25,alpha0.4---w-0-2-1,0.78329
26,alpha0.4---w-0-2-1,0.77434
27,alpha0.4---w-0-2-1,0.7787
28,alpha0.4---w-0-2-1,0.77163
29,alpha0.4---w-0-2-1,0.78109
30,alpha0.4---w-0-2-1,0.77462
1,alpha0.6---w-0-1-2,0.77934
2,alpha0.4---w-1-0-2,0.77524
3,alpha0.4---w-1-0-2,0.77751
4,alpha0.4---w-1-0-2,0.77311
5,alpha0.4---w-1-0-2,0.78017
6,alpha0.4---w-1-0-2,0.77458
7,alpha0.4---w-1-0-2,0.78065
8,alpha0.4---w-1-0-2,0.77456
9,alpha0.4---w-1-0-2,0.78302
10,alpha0.4---w-1-0-2,0.7773
11,alpha0.4---w-1-0-2,0.78656
12,alpha0.4---w-1-0-2,0.77735
13,alpha0.4---w-1-0-2,0.7814
14,alpha0.4---w-1-0-2,0.78067
15,alpha0.4---w-1-0-2,0.77441
16,alpha0.4---w-1-0-2,0.77862
17,alpha0.4---w-1-0-2,0.7817
18,alpha0.4---w-1-0-2,0.77782
19,alpha0.4---w-1-0-2,0.77721
20,alpha0.4---w-1-0-2,0.77616
21,alpha0.4---w-1-0-2,0.77618
22,alpha0.4---w-1-0-2,0.78346
23,alpha0.4---w-1-0-2,0.78019
24,alpha0.4---w-1-0-2,0.78267
25,alpha0.4---w-1-0-2,0.78474
26,alpha0.4---w-1-0-2,0.77495
27,alpha0.4---w-1-0-2,0.77914
28,alpha0.4---w-1-0-2,0.77251
29,alpha0.4---w-1-0-2,0.78195
30,alpha0.4---w-1-0-2,0.77567
1,alpha0.6---w-0-2-1,0.77893
2,alpha0.4---w-1-1-1,0.77298
3,alpha0.4---w-1-1-1,0.77537
4,alpha0.4---w-1-1-1,0.7716
5,alpha0.4---w-1-1-1,0.77849
6,alpha0.4---w-1-1-1,0.77286
7,alpha0.4---w-1-1-1,0.77856
8,alpha0.4---w-1-1-1,0.77311
9,alpha0.4---w-1-1-1,0.78142
10,alpha0.4---w-1-1-1,0.77531
11,alpha0.4---w-1-1-1,0.78447
12,alpha0.4---w-1-1-1,0.77539
13,alpha0.4---w-1-1-1,0.77965
14,alpha0.4---w-1-1-1,0.77873
15,alpha0.4---w-1-1-1,0.77278
16,alpha0.4---w-1-1-1,0.77678
17,alpha0.4---w-1-1-1,0.7802
18,alpha0.4---w-1-1-1,0.77565
19,alpha0.4---w-1-1-1,0.77513
20,alpha0.4---w-1-1-1,0.77413
21,alpha0.4---w-1-1-1,0.77426
22,alpha0.4---w-1-1-1,0.78158
23,alpha0.4---w-1-1-1,0.77878
24,alpha0.4---w-1-1-1,0.78082
25,alpha0.4---w-1-1-1,0.78268
26,alpha0.4---w-1-1-1,0.77322
27,alpha0.4---w-1-1-1,0.7777
28,alpha0.4---w-1-1-1,0.77048
29,alpha0.4---w-1-1-1,0.78008
30,alpha0.4---w-1-1-1,0.77384
1,alpha0.6---w-1-0-1,0.77897
2,alpha0.4---w-1-2-0,0.77399
3,alpha0.4---w-1-2-0,0.77628
4,alpha0.4---w-1-2-0,0.77292
5,alpha0.4---w-1-2-0,0.77975
6,alpha0.4---w-1-2-0,0.77425
7,alpha0.4---w-1-2-0,0.77966
8,alpha0.4---w-1-2-0,0.77484
9,alpha0.4---w-1-2-0,0.78292
10,alpha0.4---w-1-2-0,0.77636
11,alpha0.4---w-1-2-0,0.78543
12,alpha0.4---w-1-2-0,0.77664
13,alpha0.4---w-1-2-0,0.78105
14,alpha0.4---w-1-2-0,0.77981
15,alpha0.4---w-1-2-0,0.77412
16,alpha0.4---w-1-2-0,0.77796
17,alpha0.4---w-1-2-0,0.78197
18,alpha0.4---w-1-2-0,0.7767
19,alpha0.4---w-1-2-0,0.77615
20,alpha0.4---w-1-2-0,0.77528
21,alpha0.4---w-1-2-0,0.77543
22,alpha0.4---w-1-2-0,0.78287
23,alpha0.4---w-1-2-0,0.78039
24,alpha0.4---w-1-2-0,0.78194
25,alpha0.4---w-1-2-0,0.78356
26,alpha0.4---w-1-2-0,0.77457
27,alpha0.4---w-1-2-0,0.77933
28,alpha0.4---w-1-2-0,0.77159
29,alpha0.4---w-1-2-0,0.78114
30,alpha0.4---w-1-2-0,0.77525
1,alpha0.6---w-1-0-2,0.77935
2,alpha0.4---w-2-0-1,0.77447
3,alpha0.4---w-2-0-1,0.77674
4,alpha0.4---w-2-0-1,0.77237
5,alpha0.4---w-2-0-1,0.77978
6,alpha0.4---w-2-0-1,0.77409
7,alpha0.4---w-2-0-1,0.77979
8,alpha0.4---w-2-0-1,0.77389
9,alpha0.4---w-2-0-1,0.78235
10,alpha0.4---w-2-0-1,0.77656
11,alpha0.4---w-2-0-1,0.78571
12,alpha0.4---w-2-0-1,0.77639
13,alpha0.4---w-2-0-1,0.78135
14,alpha0.4---w-2-0-1,0.78001
15,alpha0.4---w-2-0-1,0.77378
16,alpha0.4---w-2-0-1,0.77815
17,alpha0.4---w-2-0-1,0.78116
18,alpha0.4---w-2-0-1,0.7771
19,alpha0.4---w-2-0-1,0.7766
20,alpha0.4---w-2-0-1,0.77536
21,alpha0.4---w-2-0-1,0.77572
22,alpha0.4---w-2-0-1,0.78256
23,alpha0.4---w-2-0-1,0.78002
24,alpha0.4---w-2-0-1,0.78219
25,alpha0.4---w-2-0-1,0.78408
26,alpha0.4---w-2-0-1,0.77446
27,alpha0.4---w-2-0-1,0.77888
28,alpha0.4---w-2-0-1,0.77166
29,alpha0.4---w-2-0-1,0.7813
30,alpha0.4---w-2-0-1,0.77533
1,alpha0.6---w-1-1-0,0.77881
2,alpha0.4---w-2-1-0,0.77425
3,alpha0.4---w-2-1-0,0.77655
4,alpha0.4---w-2-1-0,0.7726
5,alpha0.4---w-2-1-0,0.77992
6,alpha0.4---w-2-1-0,0.77423
7,alpha0.4---w-2-1-0,0.77975
8,alpha0.4---w-2-1-0,0.77446
9,alpha0.4---w-2-1-0,0.78263
10,alpha0.4---w-2-1-0,0.77648
11,alpha0.4---w-2-1-0,0.78554
12,alpha0.4---w-2-1-0,0.7764
13,alpha0.4---w-2-1-0,0.78159
14,alpha0.4---w-2-1-0,0.78004
15,alpha0.4---w-2-1-0,0.77399
16,alpha0.4---w-2-1-0,0.77813
17,alpha0.4---w-2-1-0,0.78167
18,alpha0.4---w-2-1-0,0.77691
19,alpha0.4---w-2-1-0,0.77642
20,alpha0.4---w-2-1-0,0.7754
21,alpha0.4---w-2-1-0,0.7758
22,alpha0.4---w-2-1-0,0.78265
23,alpha0.4---w-2-1-0,0.78054
24,alpha0.4---w-2-1-0,0.78224
25,alpha0.4---w-2-1-0,0.78398
26,alpha0.4---w-2-1-0,0.77457
27,alpha0.4---w-2-1-0,0.77945
28,alpha0.4---w-2-1-0,0.77155
29,alpha0.4---w-2-1-0,0.78129
30,alpha0.4---w-2-1-0,0.77565
1,alpha0.6---w-1-1-1,0.77844
2,alpha0.4---w-0-1-1,0.77396
3,alpha0.4---w-0-1-1,0.77629
4,alpha0.4---w-0-1-1,0.77296
5,alpha0.4---w-0-1-1,0.77939
6,alpha0.4---w-0-1-1,0.77383
7,alpha0.4---w-0-1-1,0.77976
8,alpha0.4---w-0-1-1,0.77428
9,alpha0.4---w-0-1-1,0.78256
10,alpha0.4---w-0-1-1,0.77634
11,alpha0.4---w-0-1-1,0.78541
12,alpha0.4---w-0-1-1,0.77668
13,alpha0.4---w-0-1-1,0.78019
14,alpha0.4---w-0-1-1,0.77972
15,alpha0.4---w-0-1-1,0.77394
16,alpha0.4---w-0-1-1,0.77755
17,alpha0.4---w-0-1-1,0.78117
18,alpha0.4---w-0-1-1,0.77663
19,alpha0.4---w-0-1-1,0.77594
20,alpha0.4---w-0-1-1,0.77516
21,alpha0.4---w-0-1-1,0.77507
22,alpha0.4---w-0-1-1,0.78282
23,alpha0.4---w-0-1-1,0.77958
24,alpha0.4---w-0-1-1,0.78155
25,alpha0.4---w-0-1-1,0.78346
26,alpha0.4---w-0-1-1,0.77421
27,alpha0.4---w-0-1-1,0.77851
28,alpha0.4---w-0-1-1,0.77165
29,alpha0.4---w-0-1-1,0.78112
30,alpha0.4---w-0-1-1,0.77459
1,alpha0.6---w-1-2-0,0.77893
2,alpha0.4---w-1-0-1,0.77446
3,alpha0.4---w-1-0-1,0.77675
4,alpha0.4---w-1-0-1,0.77237
5,alpha0.4---w-1-0-1,0.7796
6,alpha0.4---w-1-0-1,0.77396
7,alpha0.4---w-1-0-1,0.77981
8,alpha0.4---w-1-0-1,0.77384
9,alpha0.4---w-1-0-1,0.78232
10,alpha0.4---w-1-0-1,0.77656
11,alpha0.4---w-1-0-1,0.78578
12,alpha0.4---w-1-0-1,0.77648
13,alpha0.4---w-1-0-1,0.78098
14,alpha0.4---w-1-0-1,0.77995
15,alpha0.4---w-1-0-1,0.77372
16,alpha0.4---w-1-0-1,0.77804
17,alpha0.4---w-1-0-1,0.78106
18,alpha0.4---w-1-0-1,0.77707
19,alpha0.4---w-1-0-1,0.77654
20,alpha0.4---w-1-0-1,0.77537
21,alpha0.4---w-1-0-1,0.77556
22,alpha0.4---w-1-0-1,0.78263
23,alpha0.4---w-1-0-1,0.77972
24,alpha0.4---w-1-0-1,0.78207
25,alpha0.4---w-1-0-1,0.78404
26,alpha0.4---w-1-0-1,0.77434
27,alpha0.4---w-1-0-1,0.77862
28,alpha0.4---w-1-0-1,0.7717
29,alpha0.4---w-1-0-1,0.78125
30,alpha0.4---w-1-0-1,0.77509
1,alpha0.6---w-2-0-1,0.77893
2,alpha0.4---w-1-1-0,0.77383
3,alpha0.4---w-1-1-0,0.77615
4,alpha0.4---w-1-1-0,0.77248
5,alpha0.4---w-1-1-0,0.77955
6,alpha0.4---w-1-1-0,0.77395
7,alpha0.4---w-1-1-0,0.77941
8,alpha0.4---w-1-1-0,0.77437
9,alpha0.4---w-1-1-0,0.78249
10,alpha0.4---w-1-1-0,0.77614
11,alpha0.4---w-1-1-0,0.78522
12,alpha0.4---w-1-1-0,0.77623
13,alpha0.4---w-1-1-0,0.78103
14,alpha0.4---w-1-1-0,0.77965
15,alpha0.4---w-1-1-0,0.77377
16,alpha0.4---w-1-1-0,0.77777
17,alpha0.4---w-1-1-0,0.78154
18,alpha0.4---w-1-1-0,0.77651
19,alpha0.4---w-1-1-0,0.77601
20,alpha0.4---w-1-1-0,0.77507
21,alpha0.4---w-1-1-0,0.77534
22,alpha0.4---w-1-1-0,0.78248
23,alpha0.4---w-1-1-0,0.78019
24,alpha0.4---w-1-1-0,0.78182
25,alpha0.4---w-1-1-0,0.78352
26,alpha0.4---w-1-1-0,0.77428
27,alpha0.4---w-1-1-0,0.77912
28,alpha0.4---w-1-1-0,0.77128
29,alpha0.4---w-1-1-0,0.78094
30,alpha0.4---w-1-1-0,0.77517
1,alpha0.6---w-2-1-0,0.77893
2,alpha0.3---w-0-1-2,0.78527
3,alpha0.3---w-0-1-2,0.78898
4,alpha0.3---w-0-1-2,0.78427
5,alpha0.3---w-0-1-2,0.78981
6,alpha0.3---w-0-1-2,0.78567
7,alpha0.3---w-0-1-2,0.79202
8,alpha0.3---w-0-1-2,0.78653
9,alpha0.3---w-0-1-2,0.79307
10,alpha0.3---w-0-1-2,0.78824
11,alpha0.3---w-0-1-2,0.79775
12,alpha0.3---w-0-1-2,0.78729
13,alpha0.3---w-0-1-2,0.79137
14,alpha0.3---w-0-1-2,0.79206
15,alpha0.3---w-0-1-2,0.7851
16,alpha0.3---w-0-1-2,0.78886
17,alpha0.3---w-0-1-2,0.79132
18,alpha0.3---w-0-1-2,0.78947
19,alpha0.3---w-0-1-2,0.78744
20,alpha0.3---w-0-1-2,0.78742
21,alpha0.3---w-0-1-2,0.78651
22,alpha0.3---w-0-1-2,0.79444
23,alpha0.3---w-0-1-2,0.79136
24,alpha0.3---w-0-1-2,0.79236
25,alpha0.3---w-0-1-2,0.79507
26,alpha0.3---w-0-1-2,0.78634
27,alpha0.3---w-0-1-2,0.78953
28,alpha0.3---w-0-1-2,0.78235
29,alpha0.3---w-0-1-2,0.79359
30,alpha0.3---w-0-1-2,0.78665
1,alpha0.7---w-0-1-1,0.78817
2,alpha0.3---w-0-2-1,0.78385
3,alpha0.3---w-0-2-1,0.78755
4,alpha0.3---w-0-2-1,0.78361
5,alpha0.3---w-0-2-1,0.78896
6,alpha0.3---w-0-2-1,0.78497
7,alpha0.3---w-0-2-1,0.79074
8,alpha0.3---w-0-2-1,0.78599
9,alpha0.3---w-0-2-1,0.79248
10,alpha0.3---w-0-2-1,0.78706
11,alpha0.3---w-0-2-1,0.79645
12,alpha0.3---w-0-2-1,0.78625
13,alpha0.3---w-0-2-1,0.79048
14,alpha0.3---w-0-2-1,0.79079
15,alpha0.3---w-0-2-1,0.78434
16,alpha0.3---w-0-2-1,0.78799
17,alpha0.3---w-0-2-1,0.79088
18,alpha0.3---w-0-2-1,0.78818
19,alpha0.3---w-0-2-1,0.78619
20,alpha0.3---w-0-2-1,0.78614
21,alpha0.3---w-0-2-1,0.78532
22,alpha0.3---w-0-2-1,0.79345
23,alpha0.3---w-0-2-1,0.79078
24,alpha0.3---w-0-2-1,0.79125
25,alpha0.3---w-0-2-1,0.79353
26,alpha0.3---w-0-2-1,0.78564
27,alpha0.3---w-0-2-1,0.78887
28,alpha0.3---w-0-2-1,0.78124
29,alpha0.3---w-0-2-1,0.79249
30,alpha0.3---w-0-2-1,0.78558
1,alpha0.7---w-0-1-2,0.78839
2,alpha0.3---w-1-0-2,0.78568
3,alpha0.3---w-1-0-2,0.78936
4,alpha0.3---w-1-0-2,0.78377
5,alpha0.3---w-1-0-2,0.78999
6,alpha0.3---w-1-0-2,0.78581
7,alpha0.3---w-1-0-2,0.79201
8,alpha0.3---w-1-0-2,0.78619
9,alpha0.3---w-1-0-2,0.79292
10,alpha0.3---w-1-0-2,0.78842
11,alpha0.3---w-1-0-2,0.79807
12,alpha0.3---w-1-0-2,0.78721
13,alpha0.3---w-1-0-2,0.79198
14,alpha0.3---w-1-0-2,0.79223
15,alpha0.3---w-1-0-2,0.78492
16,alpha0.3---w-1-0-2,0.78925
17,alpha0.3---w-1-0-2,0.79131
18,alpha0.3---w-1-0-2,0.78986
19,alpha0.3---w-1-0-2,0.78799
20,alpha0.3---w-1-0-2,0.78763
21,alpha0.3---w-1-0-2,0.78686
22,alpha0.3---w-1-0-2,0.79432
23,alpha0.3---w-1-0-2,0.79144
24,alpha0.3---w-1-0-2,0.79275
25,alpha0.3---w-1-0-2,0.79558
26,alpha0.3---w-1-0-2,0.78646
27,alpha0.3---w-1-0-2,0.78957
28,alpha0.3---w-1-0-2,0.78245
29,alpha0.3---w-1-0-2,0.79367
30,alpha0.3---w-1-0-2,0.78701
1,alpha0.7---w-0-2-1,0.78815
2,alpha0.3---w-1-1-1,0.78262
3,alpha0.3---w-1-1-1,0.78646
4,alpha0.3---w-1-1-1,0.78164
5,alpha0.3---w-1-1-1,0.78763
6,alpha0.3---w-1-1-1,0.78342
7,alpha0.3---w-1-1-1,0.78919
8,alpha0.3---w-1-1-1,0.78407
9,alpha0.3---w-1-1-1,0.79069
10,alpha0.3---w-1-1-1,0.78571
11,alpha0.3---w-1-1-1,0.79525
12,alpha0.3---w-1-1-1,0.78451
13,alpha0.3---w-1-1-1,0.78954
14,alpha0.3---w-1-1-1,0.78955
15,alpha0.3---w-1-1-1,0.78263
16,alpha0.3---w-1-1-1,0.78676
17,alpha0.3---w-1-1-1,0.78917
18,alpha0.3---w-1-1-1,0.78691
19,alpha0.3---w-1-1-1,0.78514
20,alpha0.3---w-1-1-1,0.78486
21,alpha0.3---w-1-1-1,0.78421
22,alpha0.3---w-1-1-1,0.79172
23,alpha0.3---w-1-1-1,0.7894
24,alpha0.3---w-1-1-1,0.79019
25,alpha0.3---w-1-1-1,0.79272
26,alpha0.3---w-1-1-1,0.78409
27,alpha0.3---w-1-1-1,0.7875
28,alpha0.3---w-1-1-1,0.77971
29,alpha0.3---w-1-1-1,0.79113
30,alpha0.3---w-1-1-1,0.78447
1,alpha0.7---w-1-0-1,0.78819
2,alpha0.3---w-1-2-0,0.78395
3,alpha0.3---w-1-2-0,0.78766
4,alpha0.3---w-1-2-0,0.78331
5,alpha0.3---w-1-2-0,0.78924
6,alpha0.3---w-1-2-0,0.78522
7,alpha0.3---w-1-2-0,0.79065
8,alpha0.3---w-1-2-0,0.78623
9,alpha0.3---w-1-2-0,0.79264
10,alpha0.3---w-1-2-0,0.78709
11,alpha0.3---w-1-2-0,0.79653
12,alpha0.3---w-1-2-0,0.78612
13,alpha0.3---w-1-2-0,0.79132
14,alpha0.3---w-1-2-0,0.79091
15,alpha0.3---w-1-2-0,0.78434
16,alpha0.3---w-1-2-0,0.78834
17,alpha0.3---w-1-2-0,0.79143
18,alpha0.3---w-1-2-0,0.78828
19,alpha0.3---w-1-2-0,0.78645
20,alpha0.3---w-1-2-0,0.78637
21,alpha0.3---w-1-2-0,0.78572
22,alpha0.3---w-1-2-0,0.79338
23,alpha0.3---w-1-2-0,0.79141
24,alpha0.3---w-1-2-0,0.79164
25,alpha0.3---w-1-2-0,0.79381
26,alpha0.3---w-1-2-0,0.78587
27,alpha0.3---w-1-2-0,0.78956
28,alpha0.3---w-1-2-0,0.78118
29,alpha0.3---w-1-2-0,0.79253
30,alpha0.3---w-1-2-0,0.78628
1,alpha0.7---w-1-0-2,0.7884
2,alpha0.3---w-2-0-1,0.78455
3,alpha0.3---w-2-0-1,0.78824
4,alpha0.3---w-2-0-1,0.78273
5,alpha0.3---w-2-0-1,0.78938
6,alpha0.3---w-2-0-1,0.78506
7,alpha0.3---w-2-0-1,0.79082
8,alpha0.3---w-2-0-1,0.78513
9,alpha0.3---w-2-0-1,0.79197
10,alpha0.3---w-2-0-1,0.78735
11,alpha0.3---w-2-0-1,0.79684
12,alpha0.3---w-2-0-1,0.78589
13,alpha0.3---w-2-0-1,0.79172
14,alpha0.3---w-2-0-1,0.79126
15,alpha0.3---w-2-0-1,0.784
16,alpha0.3---w-2-0-1,0.7885
17,alpha0.3---w-2-0-1,0.79046
18,alpha0.3---w-2-0-1,0.78881
19,alpha0.3---w-2-0-1,0.78708
20,alpha0.3---w-2-0-1,0.78652
21,alpha0.3---w-2-0-1,0.7861
22,alpha0.3---w-2-0-1,0.79305
23,alpha0.3---w-2-0-1,0.79104
24,alpha0.3---w-2-0-1,0.79195
25,alpha0.3---w-2-0-1,0.79462
26,alpha0.3---w-2-0-1,0.78572
27,alpha0.3---w-2-0-1,0.78906
28,alpha0.3---w-2-0-1,0.7813
29,alpha0.3---w-2-0-1,0.79275
30,alpha0.3---w-2-0-1,0.78642
1,alpha0.7---w-1-1-0,0.78808
2,alpha0.3---w-2-1-0,0.78424
3,alpha0.3---w-2-1-0,0.78796
4,alpha0.3---w-2-1-0,0.78294
5,alpha0.3---w-2-1-0,0.78947
6,alpha0.3---w-2-1-0,0.78517
7,alpha0.3---w-2-1-0,0.79074
8,alpha0.3---w-2-1-0,0.78572
9,alpha0.3---w-2-1-0,0.79227
10,alpha0.3---w-2-1-0,0.78721
11,alpha0.3---w-2-1-0,0.7966
12,alpha0.3---w-2-1-0,0.78585
13,alpha0.3---w-2-1-0,0.79195
14,alpha0.3---w-2-1-0,0.79122
15,alpha0.3---w-2-1-0,0.78418
16,alpha0.3---w-2-1-0,0.78846
17,alpha0.3---w-2-1-0,0.79102
18,alpha0.3---w-2-1-0,0.78852
19,alpha0.3---w-2-1-0,0.78679
20,alpha0.3---w-2-1-0,0.78654
21,alpha0.3---w-2-1-0,0.78615
22,alpha0.3---w-2-1-0,0.7931
23,alpha0.3---w-2-1-0,0.79159
24,alpha0.3---w-2-1-0,0.79194
25,alpha0.3---w-2-1-0,0.79439
26,alpha0.3---w-2-1-0,0.78583
27,alpha0.3---w-2-1-0,0.7897
28,alpha0.3---w-2-1-0,0.78114
29,alpha0.3---w-2-1-0,0.79271
30,alpha0.3---w-2-1-0,0.78675
1,alpha0.7---w-1-1-1,0.78789
2,alpha0.3---w-0-1-1,0.78401
3,alpha0.3---w-0-1-1,0.78775
4,alpha0.3---w-0-1-1,0.78347
5,alpha0.3---w-0-1-1,0.78889
6,alpha0.3---w-0-1-1,0.7848
7,alpha0.3---w-0-1-1,0.79084
8,alpha0.3---w-0-1-1,0.78573
9,alpha0.3---w-0-1-1,0.79225
10,alpha0.3---w-0-1-1,0.78714
11,alpha0.3---w-0-1-1,0.79659
12,alpha0.3---w-0-1-1,0.78623
13,alpha0.3---w-0-1-1,0.7904
14,alpha0.3---w-0-1-1,0.79092
15,alpha0.3---w-0-1-1,0.78422
16,alpha0.3---w-0-1-1,0.78791
17,alpha0.3---w-0-1-1,0.79055
18,alpha0.3---w-0-1-1,0.78829
19,alpha0.3---w-0-1-1,0.7863
20,alpha0.3---w-0-1-1,0.78625
21,alpha0.3---w-0-1-1,0.78539
22,alpha0.3---w-0-1-1,0.79341
23,alpha0.3---w-0-1-1,0.79056
24,alpha0.3---w-0-1-1,0.7913
25,alpha0.3---w-0-1-1,0.79381
26,alpha0.3---w-0-1-1,0.78547
27,alpha0.3---w-0-1-1,0.78868
28,alpha0.3---w-0-1-1,0.78127
29,alpha0.3---w-0-1-1,0.79255
30,alpha0.3---w-0-1-1,0.78557
1,alpha0.7---w-1-2-0,0.78815
2,alpha0.3---w-1-0-1,0.78458
3,alpha0.3---w-1-0-1,0.7883
4,alpha0.3---w-1-0-1,0.78276
5,alpha0.3---w-1-0-1,0.78918
6,alpha0.3---w-1-0-1,0.78494
7,alpha0.3---w-1-0-1,0.79087
8,alpha0.3---w-1-0-1,0.78514
9,alpha0.3---w-1-0-1,0.79196
10,alpha0.3---w-1-0-1,0.78738
11,alpha0.3---w-1-0-1,0.79697
12,alpha0.3---w-1-0-1,0.78604
13,alpha0.3---w-1-0-1,0.79132
14,alpha0.3---w-1-0-1,0.79122
15,alpha0.3---w-1-0-1,0.78395
16,alpha0.3---w-1-0-1,0.78841
17,alpha0.3---w-1-0-1,0.79038
18,alpha0.3---w-1-0-1,0.78882
19,alpha0.3---w-1-0-1,0.78705
20,alpha0.3---w-1-0-1,0.78655
21,alpha0.3---w-1-0-1,0.78595
22,alpha0.3---w-1-0-1,0.79318
23,alpha0.3---w-1-0-1,0.79072
24,alpha0.3---w-1-0-1,0.79186
25,alpha0.3---w-1-0-1,0.7946
26,alpha0.3---w-1-0-1,0.78559
27,alpha0.3---w-1-0-1,0.78879
28,alpha0.3---w-1-0-1,0.78137
29,alpha0.3---w-1-0-1,0.79271
30,alpha0.3---w-1-0-1,0.78616
1,alpha0.7---w-2-0-1,0.78817
2,alpha0.3---w-1-1-0,0.7837
3,alpha0.3---w-1-1-0,0.78745
4,alpha0.3---w-1-1-0,0.78274
5,alpha0.3---w-1-1-0,0.78897
6,alpha0.3---w-1-1-0,0.7848
7,alpha0.3---w-1-1-0,0.7903
8,alpha0.3---w-1-1-0,0.7856
9,alpha0.3---w-1-1-0,0.79207
10,alpha0.3---w-1-1-0,0.78678
11,alpha0.3---w-1-1-0,0.79622
12,alpha0.3---w-1-1-0,0.78559
13,alpha0.3---w-1-1-0,0.79124
14,alpha0.3---w-1-1-0,0.7907
15,alpha0.3---w-1-1-0,0.78388
16,alpha0.3---w-1-1-0,0.78803
17,alpha0.3---w-1-1-0,0.79085
18,alpha0.3---w-1-1-0,0.788
19,alpha0.3---w-1-1-0,0.78624
20,alpha0.3---w-1-1-0,0.78609
21,alpha0.3---w-1-1-0,0.78556
22,alpha0.3---w-1-1-0,0.79286
23,alpha0.3---w-1-1-0,0.79112
24,alpha0.3---w-1-1-0,0.79144
25,alpha0.3---w-1-1-0,0.79376
26,alpha0.3---w-1-1-0,0.78545
27,alpha0.3---w-1-1-0,0.78927
28,alpha0.3---w-1-1-0,0.78077
29,alpha0.3---w-1-1-0,0.79225
30,alpha0.3---w-1-1-0,0.78613
1,alpha0.7---w-2-1-0,0.78816
2,alpha0.2---w-0-1-2,0.80164
3,alpha0.2---w-0-1-2,0.80668
4,alpha0.2---w-0-1-2,0.80097
5,alpha0.2---w-0-1-2,0.80565
6,alpha0.2---w-0-1-2,0.80272
7,alpha0.2---w-0-1-2,0.80936
8,alpha0.2---w-0-1-2,0.80437
9,alpha0.2---w-0-1-2,0.80914
10,alpha0.2---w-0-1-2,0.80523
11,alpha0.2---w-0-1-2,0.81493
12,alpha0.2---w-0-1-2,0.80313
13,alpha0.2---w-0-1-2,0.80786
14,alpha0.2---w-0-1-2,0.80949
15,alpha0.2---w-0-1-2,0.80168
16,alpha0.2---w-0-1-2,0.80554
17,alpha0.2---w-0-1-2,0.80684
18,alpha0.2---w-0-1-2,0.8073
19,alpha0.2---w-0-1-2,0.80415
20,alpha0.2---w-0-1-2,0.80483
21,alpha0.2---w-0-1-2,0.80311
22,alpha0.2---w-0-1-2,0.81136
23,alpha0.2---w-0-1-2,0.8084
24,alpha0.2---w-0-1-2,0.80851
25,alpha0.2---w-0-1-2,0.81154
26,alpha0.2---w-0-1-2,0.80372
27,alpha0.2---w-0-1-2,0.80589
28,alpha0.2---w-0-1-2,0.79833
29,alpha0.2---w-0-1-2,0.81108
30,alpha0.2---w-0-1-2,0.8039
1,alpha0.8---w-0-1-1,0.80337
2,alpha0.2---w-0-2-1,0.79981
3,alpha0.2---w-0-2-1,0.80484
4,alpha0.2---w-0-2-1,0.80001
5,alpha0.2---w-0-2-1,0.80448
6,alpha0.2---w-0-2-1,0.80175
7,alpha0.2---w-0-2-1,0.8077
8,alpha0.2---w-0-2-1,0.80352
9,alpha0.2---w-0-2-1,0.80832
10,alpha0.2---w-0-2-1,0.80369
11,alpha0.2---w-0-2-1,0.81326
12,alpha0.2---w-0-2-1,0.80172
13,alpha0.2---w-0-2-1,0.80664
14,alpha0.2---w-0-2-1,0.80778
15,alpha0.2---w-0-2-1,0.80061
16,alpha0.2---w-0-2-1,0.80442
17,alpha0.2---w-0-2-1,0.80616
18,alpha0.2---w-0-2-1,0.80561
19,alpha0.2---w-0-2-1,0.8025
20,alpha0.2---w-0-2-1,0.80316
21,alpha0.2---w-0-2-1,0.80153
22,alpha0.2---w-0-2-1,0.81002
23,alpha0.2---w-0-2-1,0.80752
24,alpha0.2---w-0-2-1,0.80703
25,alpha0.2---w-0-2-1,0.80948
26,alpha0.2---w-0-2-1,0.80278
27,alpha0.2---w-0-2-1,0.80492
28,alpha0.2---w-0-2-1,0.79689
29,alpha0.2---w-0-2-1,0.80965
30,alpha0.2---w-0-2-1,0.80244
1,alpha0.8---w-0-1-2,0.80347
2,alpha0.2---w-1-0-2,0.80212
3,alpha0.2---w-1-0-2,0.80712
4,alpha0.2---w-1-0-2,0.80038
5,alpha0.2---w-1-0-2,0.80589
6,alpha0.2---w-1-0-2,0.80288
7,alpha0.2---w-1-0-2,0.80932
8,alpha0.2---w-1-0-2,0.80394
9,alpha0.2---w-1-0-2,0.80897
10,alpha0.2---w-1-0-2,0.80542
11,alpha0.2---w-1-0-2,0.81527
12,alpha0.2---w-1-0-2,0.80307
13,alpha0.2---w-1-0-2,0.80855
14,alpha0.2---w-1-0-2,0.8097
15,alpha0.2---w-1-0-2,0.80147
16,alpha0.2---w-1-0-2,0.80594
17,alpha0.2---w-1-0-2,0.80682
18,alpha0.2---w-1-0-2,0.80776
19,alpha0.2---w-1-0-2,0.80483
20,alpha0.2---w-1-0-2,0.80511
21,alpha0.2---w-1-0-2,0.80349
22,alpha0.2---w-1-0-2,0.81121
23,alpha0.2---w-1-0-2,0.80849
24,alpha0.2---w-1-0-2,0.80892
25,alpha0.2---w-1-0-2,0.8122
26,alpha0.2---w-1-0-2,0.80384
27,alpha0.2---w-1-0-2,0.80593
28,alpha0.2---w-1-0-2,0.79847
29,alpha0.2---w-1-0-2,0.81117
30,alpha0.2---w-1-0-2,0.80431
1,alpha0.8---w-0-2-1,0.80336
2,alpha0.2---w-1-1-1,0.79818
3,alpha0.2---w-1-1-1,0.80339
4,alpha0.2---w-1-1-1,0.79755
5,alpha0.2---w-1-1-1,0.80278
6,alpha0.2---w-1-1-1,0.79975
7,alpha0.2---w-1-1-1,0.80569
8,alpha0.2---w-1-1-1,0.80107
9,alpha0.2---w-1-1-1,0.80604
10,alpha0.2---w-1-1-1,0.80193
11,alpha0.2---w-1-1-1,0.81166
12,alpha0.2---w-1-1-1,0.79954
13,alpha0.2---w-1-1-1,0.80534
14,alpha0.2---w-1-1-1,0.8062
15,alpha0.2---w-1-1-1,0.79845
16,alpha0.2---w-1-1-1,0.80275
17,alpha0.2---w-1-1-1,0.80396
18,alpha0.2---w-1-1-1,0.80395
19,alpha0.2---w-1-1-1,0.80112
20,alpha0.2---w-1-1-1,0.80154
21,alpha0.2---w-1-1-1,0.80005
22,alpha0.2---w-1-1-1,0.80782
23,alpha0.2---w-1-1-1,0.80574
24,alpha0.2---w-1-1-1,0.80558
25,alpha0.2---w-1-1-1,0.80845
26,alpha0.2---w-1-1-1,0.80078
27,alpha0.2---w-1-1-1,0.80315
28,alpha0.2---w-1-1-1,0.79493
29,alpha0.2---w-1-1-1,0.8079
30,alpha0.2---w-1-1-1,0.80097
1,alpha0.8---w-1-0-1,0.8034
2,alpha0.2---w-1-2-0,0.79986
3,alpha0.2---w-1-2-0,0.8049
4,alpha0.2---w-1-2-0,0.79959
5,alpha0.2---w-1-2-0,0.80474
6,alpha0.2---w-1-2-0,0.80197
7,alpha0.2---w-1-2-0,0.80755
8,alpha0.2---w-1-2-0,0.80368
9,alpha0.2---w-1-2-0,0.80846
10,alpha0.2---w-1-2-0,0.80367
11,alpha0.2---w-1-2-0,0.81328
12,alpha0.2---w-1-2-0,0.80154
13,alpha0.2---w-1-2-0,0.80753
14,alpha0.2---w-1-2-0,0.80787
15,alpha0.2---w-1-2-0,0.80055
16,alpha0.2---w-1-2-0,0.80475
17,alpha0.2---w-1-2-0,0.80675
18,alpha0.2---w-1-2-0,0.80565
19,alpha0.2---w-1-2-0,0.80274
20,alpha0.2---w-1-2-0,0.80343
21,alpha0.2---w-1-2-0,0.80192
22,alpha0.2---w-1-2-0,0.80986
23,alpha0.2---w-1-2-0,0.80816
24,alpha0.2---w-1-2-0,0.80738
25,alpha0.2---w-1-2-0,0.80975
26,alpha0.2---w-1-2-0,0.803
27,alpha0.2---w-1-2-0,0.80566
28,alpha0.2---w-1-2-0,0.7968
29,alpha0.2---w-1-2-0,0.80966
30,alpha0.2---w-1-2-0,0.8032
1,alpha0.8---w-1-0-2,0.80349
2,alpha0.2---w-2-0-1,0.8006
3,alpha0.2---w-2-0-1,0.80562
4,alpha0.2---w-2-0-1,0.799
5,alpha0.2---w-2-0-1,0.80503
6,alpha0.2---w-2-0-1,0.80182
7,alpha0.2---w-2-0-1,0.80774
8,alpha0.2---w-2-0-1,0.80243
9,alpha0.2---w-2-0-1,0.8077
10,alpha0.2---w-2-0-1,0.804
11,alpha0.2---w-2-0-1,0.81362
12,alpha0.2---w-2-0-1,0.80136
13,alpha0.2---w-2-0-1,0.80805
14,alpha0.2---w-2-0-1,0.8084
15,alpha0.2---w-2-0-1,0.80022
16,alpha0.2---w-2-0-1,0.80486
17,alpha0.2---w-2-0-1,0.80561
18,alpha0.2---w-2-0-1,0.80634
19,alpha0.2---w-2-0-1,0.80357
20,alpha0.2---w-2-0-1,0.80368
21,alpha0.2---w-2-0-1,0.8024
22,alpha0.2---w-2-0-1,0.80953
23,alpha0.2---w-2-0-1,0.80782
24,alpha0.2---w-2-0-1,0.80774
25,alpha0.2---w-2-0-1,0.81089
26,alpha0.2---w-2-0-1,0.80282
27,alpha0.2---w-2-0-1,0.80512
28,alpha0.2---w-2-0-1,0.79699
29,alpha0.2---w-2-0-1,0.80997
30,alpha0.2---w-2-0-1,0.80341
1,alpha0.8---w-1-1-0,0.80334
2,alpha0.2---w-2-1-0,0.80017
3,alpha0.2---w-2-1-0,0.80525
4,alpha0.2---w-2-1-0,0.79916
5,alpha0.2---w-2-1-0,0.80505
6,alpha0.2---w-2-1-0,0.80188
7,alpha0.2---w-2-1-0,0.80763
8,alpha0.2---w-2-1-0,0.80303
9,alpha0.2---w-2-1-0,0.808
10,alpha0.2---w-2-1-0,0.80379
11,alpha0.2---w-2-1-0,0.81331
12,alpha0.2---w-2-1-0,0.80124
13,alpha0.2---w-2-1-0,0.80825
14,alpha0.2---w-2-1-0,0.80826
15,alpha0.2---w-2-1-0,0.80037
16,alpha0.2---w-2-1-0,0.80479
17,alpha0.2---w-2-1-0,0.80621
18,alpha0.2---w-2-1-0,0.80592
19,alpha0.2---w-2-1-0,0.80314
20,alpha0.2---w-2-1-0,0.80366
21,alpha0.2---w-2-1-0,0.8024
22,alpha0.2---w-2-1-0,0.80952
23,alpha0.2---w-2-1-0,0.80837
24,alpha0.2---w-2-1-0,0.80767
25,alpha0.2---w-2-1-0,0.8105
26,alpha0.2---w-2-1-0,0.80292
27,alpha0.2---w-2-1-0,0.80582
28,alpha0.2---w-2-1-0,0.79677
29,alpha0.2---w-2-1-0,0.80989
30,alpha0.2---w-2-1-0,0.80376
1,alpha0.8---w-1-1-1,0.80325
2,alpha0.2---w-0-1-1,0.80003
3,alpha0.2---w-0-1-1,0.80511
4,alpha0.2---w-0-1-1,0.79988
5,alpha0.2---w-0-1-1,0.80443
6,alpha0.2---w-0-1-1,0.80157
7,alpha0.2---w-0-1-1,0.80785
8,alpha0.2---w-0-1-1,0.80326
9,alpha0.2---w-0-1-1,0.80806
10,alpha0.2---w-0-1-1,0.80381
11,alpha0.2---w-0-1-1,0.81344
12,alpha0.2---w-0-1-1,0.80174
13,alpha0.2---w-0-1-1,0.80657
14,alpha0.2---w-0-1-1,0.80799
15,alpha0.2---w-0-1-1,0.80051
16,alpha0.2---w-0-1-1,0.80433
17,alpha0.2---w-0-1-1,0.8058
18,alpha0.2---w-0-1-1,0.80577
19,alpha0.2---w-0-1-1,0.80266
20,alpha0.2---w-0-1-1,0.80331
21,alpha0.2---w-0-1-1,0.80166
22,alpha0.2---w-0-1-1,0.81001
23,alpha0.2---w-0-1-1,0.80731
24,alpha0.2---w-0-1-1,0.80713
25,alpha0.2---w-0-1-1,0.80988
26,alpha0.2---w-0-1-1,0.80259
27,alpha0.2---w-0-1-1,0.80475
28,alpha0.2---w-0-1-1,0.79693
29,alpha0.2---w-0-1-1,0.80974
30,alpha0.2---w-0-1-1,0.80248
1,alpha0.8---w-1-2-0,0.80336
2,alpha0.2---w-1-0-1,0.80068
3,alpha0.2---w-1-0-1,0.80573
4,alpha0.2---w-1-0-1,0.79906
5,alpha0.2---w-1-0-1,0.80482
6,alpha0.2---w-1-0-1,0.80171
7,alpha0.2---w-1-0-1,0.80783
8,alpha0.2---w-1-0-1,0.80253
9,alpha0.2---w-1-0-1,0.8077
10,alpha0.2---w-1-0-1,0.80407
11,alpha0.2---w-1-0-1,0.81383
12,alpha0.2---w-1-0-1,0.80155
13,alpha0.2---w-1-0-1,0.80762
14,alpha0.2---w-1-0-1,0.80838
15,alpha0.2---w-1-0-1,0.8002
16,alpha0.2---w-1-0-1,0.8048
17,alpha0.2---w-1-0-1,0.80557
18,alpha0.2---w-1-0-1,0.80639
19,alpha0.2---w-1-0-1,0.80357
20,alpha0.2---w-1-0-1,0.80372
21,alpha0.2---w-1-0-1,0.80227
22,alpha0.2---w-1-0-1,0.80972
23,alpha0.2---w-1-0-1,0.80749
24,alpha0.2---w-1-0-1,0.8077
25,alpha0.2---w-1-0-1,0.8109
26,alpha0.2---w-1-0-1,0.80269
27,alpha0.2---w-1-0-1,0.80485
28,alpha0.2---w-1-0-1,0.79708
29,alpha0.2---w-1-0-1,0.80993
30,alpha0.2---w-1-0-1,0.80315
1,alpha0.8---w-2-0-1,0.80339
2,alpha0.2---w-1-1-0,0.79951
3,alpha0.2---w-1-1-0,0.80462
4,alpha0.2---w-1-1-0,0.79889
5,alpha0.2---w-1-1-0,0.8044
6,alpha0.2---w-1-1-0,0.80142
7,alpha0.2---w-1-1-0,0.80708
8,alpha0.2---w-1-1-0,0.80288
9,alpha0.2---w-1-1-0,0.80774
10,alpha0.2---w-1-1-0,0.80325
11,alpha0.2---w-1-1-0,0.81285
12,alpha0.2---w-1-1-0,0.80089
13,alpha0.2---w-1-1-0,0.80739
14,alpha0.2---w-1-1-0,0.8076
15,alpha0.2---w-1-1-0,0.79996
16,alpha0.2---w-1-1-0,0.8043
17,alpha0.2---w-1-1-0,0.806
18,alpha0.2---w-1-1-0,0.80528
19,alpha0.2---w-1-1-0,0.80246
20,alpha0.2---w-1-1-0,0.80307
21,alpha0.2---w-1-1-0,0.80168
22,alpha0.2---w-1-1-0,0.8092
23,alpha0.2---w-1-1-0,0.80779
24,alpha0.2---w-1-1-0,0.80707
25,alpha0.2---w-1-1-0,0.80969
26,alpha0.2---w-1-1-0,0.80246
27,alpha0.2---w-1-1-0,0.80527
28,alpha0.2---w-1-1-0,0.79628
29,alpha0.2---w-1-1-0,0.8093
30,alpha0.2---w-1-1-0,0.80299
1,alpha0.8---w-2-1-0,0.80337
2,alpha0.1---w-0-1-2,0.82367
3,alpha0.1---w-0-1-2,0.82993
4,alpha0.1---w-0-1-2,0.82324
5,alpha0.1---w-0-1-2,0.82723
6,alpha0.1---w-0-1-2,0.82524
7,alpha0.1---w-0-1-2,0.83227
8,alpha0.1---w-0-1-2,0.82795
9,alpha0.1---w-0-1-2,0.83099
10,alpha0.1---w-0-1-2,0.82777
11,alpha0.1---w-0-1-2,0.83746
12,alpha0.1---w-0-1-2,0.82461
13,alpha0.1---w-0-1-2,0.82999
14,alpha0.1---w-0-1-2,0.83246
15,alpha0.1---w-0-1-2,0.82395
16,alpha0.1---w-0-1-2,0.82793
17,alpha0.1---w-0-1-2,0.82793
18,alpha0.1---w-0-1-2,0.83061
19,alpha0.1---w-0-1-2,0.82654
20,alpha0.1---w-0-1-2,0.82788
21,alpha0.1---w-0-1-2,0.82531
22,alpha0.1---w-0-1-2,0.83394
23,alpha0.1---w-0-1-2,0.83089
24,alpha0.1---w-0-1-2,0.83041
25,alpha0.1---w-0-1-2,0.83343
26,alpha0.1---w-0-1-2,0.82661
27,alpha0.1---w-0-1-2,0.82783
28,alpha0.1---w-0-1-2,0.82001
29,alpha0.1---w-0-1-2,0.834
30,alpha0.1---w-0-1-2,0.82674
1,alpha0.9---w-0-1-1,0.82424
2,alpha0.1---w-0-2-1,0.82139
3,alpha0.1---w-0-2-1,0.82764
4,alpha0.1---w-0-2-1,0.82197
5,alpha0.1---w-0-2-1,0.82569
6,alpha0.1---w-0-2-1,0.82398
7,alpha0.1---w-0-2-1,0.83022
8,alpha0.1---w-0-2-1,0.82675
9,alpha0.1---w-0-2-1,0.82991
10,alpha0.1---w-0-2-1,0.82584
11,alpha0.1---w-0-2-1,0.83539
12,alpha0.1---w-0-2-1,0.82281
13,alpha0.1---w-0-2-1,0.8284
14,alpha0.1---w-0-2-1,0.83029
15,alpha0.1---w-0-2-1,0.82254
16,alpha0.1---w-0-2-1,0.82654
17,alpha0.1---w-0-2-1,0.82699
18,alpha0.1---w-0-2-1,0.82849
19,alpha0.1---w-0-2-1,0.82446
20,alpha0.1---w-0-2-1,0.82579
21,alpha0.1---w-0-2-1,0.82332
22,alpha0.1---w-0-2-1,0.83222
23,alpha0.1---w-0-2-1,0.82966
24,alpha0.1---w-0-2-1,0.82853
25,alpha0.1---w-0-2-1,0.8308
26,alpha0.1---w-0-2-1,0.82541
27,alpha0.1---w-0-2-1,0.82652
28,alpha0.1---w-0-2-1,0.81822
29,alpha0.1---w-0-2-1,0.83222
30,alpha0.1---w-0-2-1,0.82486
1,alpha0.9---w-0-1-2,0.82427
2,alpha0.1---w-1-0-2,0.8242
3,alpha0.1---w-1-0-2,0.83042
4,alpha0.1---w-1-0-2,0.82257
5,alpha0.1---w-1-0-2,0.82753
6,alpha0.1---w-1-0-2,0.82541
7,alpha0.1---w-1-0-2,0.83219
8,alpha0.1---w-1-0-2,0.82742
9,alpha0.1---w-1-0-2,0.83081
10,alpha0.1---w-1-0-2,0.82797
11,alpha0.1---w-1-0-2,0.83781
12,alpha0.1---w-1-0-2,0.82457
13,alpha0.1---w-1-0-2,0.83076
14,alpha0.1---w-1-0-2,0.83273
15,alpha0.1---w-1-0-2,0.82371
16,alpha0.1---w-1-0-2,0.82832
17,alpha0.1---w-1-0-2,0.82789
18,alpha0.1---w-1-0-2,0.83114
19,alpha0.1---w-1-0-2,0.82734
20,alpha0.1---w-1-0-2,0.82824
21,alpha0.1---w-1-0-2,0.82572
22,alpha0.1---w-1-0-2,0.83377
23,alpha0.1---w-1-0-2,0.83098
24,alpha0.1---w-1-0-2,0.83082
25,alpha0.1---w-1-0-2,0.83425
26,alpha0.1---w-1-0-2,0.82672
27,alpha0.1---w-1-0-2,0.82786
28,alpha0.1---w-1-0-2,0.82019
29,alpha0.1---w-1-0-2,0.83411
30,alpha0.1---w-1-0-2,0.82719
1,alpha0.9---w-0-2-1,0.82423
2,alpha0.1---w-1-1-1,0.81932
3,alpha0.1---w-1-1-1,0.82581
4,alpha0.1---w-1-1-1,0.81899
5,alpha0.1---w-1-1-1,0.8236
6,alpha0.1---w-1-1-1,0.82148
7,alpha0.1---w-1-1-1,0.82771
8,alpha0.1---w-1-1-1,0.82374
9,alpha0.1---w-1-1-1,0.82712
10,alpha0.1---w-1-1-1,0.82364
11,alpha0.1---w-1-1-1,0.83335
12,alpha0.1---w-1-1-1,0.82015
13,alpha0.1---w-1-1-1,0.82672
14,alpha0.1---w-1-1-1,0.82834
15,alpha0.1---w-1-1-1,0.81989
16,alpha0.1---w-1-1-1,0.82438
17,alpha0.1---w-1-1-1,0.82426
18,alpha0.1---w-1-1-1,0.82641
19,alpha0.1---w-1-1-1,0.82273
20,alpha0.1---w-1-1-1,0.8238
21,alpha0.1---w-1-1-1,0.82142
22,alpha0.1---w-1-1-1,0.82951
23,alpha0.1---w-1-1-1,0.82745
24,alpha0.1---w-1-1-1,0.82666
25,alpha0.1---w-1-1-1,0.82954
26,alpha0.1---w-1-1-1,0.82291
27,alpha0.1---w-1-1-1,0.82431
28,alpha0.1---w-1-1-1,0.81583
29,alpha0.1---w-1-1-1,0.83006
30,alpha0.1---w-1-1-1,0.823
1,alpha0.9---w-1-0-1,0.82426
2,alpha0.1---w-1-2-0,0.82137
3,alpha0.1---w-1-2-0,0.82765
4,alpha0.1---w-1-2-0,0.8214
5,alpha0.1---w-1-2-0,0.82593
6,alpha0.1---w-1-2-0,0.82415
7,alpha0.1---w-1-2-0,0.82998
8,alpha0.1---w-1-2-0,0.82679
9,alpha0.1---w-1-2-0,0.83003
10,alpha0.1---w-1-2-0,0.82576
11,alpha0.1---w-1-2-0,0.83534
12,alpha0.1---w-1-2-0,0.82256
13,alpha0.1---w-1-2-0,0.82934
14,alpha0.1---w-1-2-0,0.83032
15,alpha0.1---w-1-2-0,0.82239
16,alpha0.1---w-1-2-0,0.82683
17,alpha0.1---w-1-2-0,0.82759
18,alpha0.1---w-1-2-0,0.82846
19,alpha0.1---w-1-2-0,0.82466
20,alpha0.1---w-1-2-0,0.82609
21,alpha0.1---w-1-2-0,0.82367
22,alpha0.1---w-1-2-0,0.83196
23,alpha0.1---w-1-2-0,0.8303
24,alpha0.1---w-1-2-0,0.82881
25,alpha0.1---w-1-2-0,0.83106
26,alpha0.1---w-1-2-0,0.82562
27,alpha0.1---w-1-2-0,0.82728
28,alpha0.1---w-1-2-0,0.81811
29,alpha0.1---w-1-2-0,0.8322
30,alpha0.1---w-1-2-0,0.82566
1,alpha0.9---w-1-0-2,0.82428
2,alpha0.1---w-2-0-1,0.82225
3,alpha0.1---w-2-0-1,0.82851
4,alpha0.1---w-2-0-1,0.82083
5,alpha0.1---w-2-0-1,0.82638
6,alpha0.1---w-2-0-1,0.82401
7,alpha0.1---w-2-0-1,0.83021
8,alpha0.1---w-2-0-1,0.82542
9,alpha0.1---w-2-0-1,0.82918
10,alpha0.1---w-2-0-1,0.82615
11,alpha0.1---w-2-0-1,0.8357
12,alpha0.1---w-2-0-1,0.82244
13,alpha0.1---w-2-0-1,0.82998
14,alpha0.1---w-2-0-1,0.83105
15,alpha0.1---w-2-0-1,0.8221
16,alpha0.1---w-2-0-1,0.82689
17,alpha0.1---w-2-0-1,0.82628
18,alpha0.1---w-2-0-1,0.8293
19,alpha0.1---w-2-0-1,0.82571
20,alpha0.1---w-2-0-1,0.82645
21,alpha0.1---w-2-0-1,0.82426
22,alpha0.1---w-2-0-1,0.83163
23,alpha0.1---w-2-0-1,0.83
24,alpha0.1---w-2-0-1,0.82922
25,alpha0.1---w-2-0-1,0.83255
26,alpha0.1---w-2-0-1,0.82539
27,alpha0.1---w-2-0-1,0.82672
28,alpha0.1---w-2-0-1,0.81838
29,alpha0.1---w-2-0-1,0.8326
30,alpha0.1---w-2-0-1,0.82595
1,alpha0.9---w-1-1-0,0.82423
2,alpha0.1---w-2-1-0,0.8217
3,alpha0.1---w-2-1-0,0.82803
4,alpha0.1---w-2-1-0,0.82093
5,alpha0.1---w-2-1-0,0.82632
6,alpha0.1---w-2-1-0,0.82402
7,alpha0.1---w-2-1-0,0.83005
8,alpha0.1---w-2-1-0,0.826
9,alpha0.1---w-2-1-0,0.82949
10,alpha0.1---w-2-1-0,0.82587
11,alpha0.1---w-2-1-0,0.83531
12,alpha0.1---w-2-1-0,0.82223
13,alpha0.1---w-2-1-0,0.83014
14,alpha0.1---w-2-1-0,0.83081
15,alpha0.1---w-2-1-0,0.82219
16,alpha0.1---w-2-1-0,0.82679
17,alpha0.1---w-2-1-0,0.82692
18,alpha0.1---w-2-1-0,0.82875
19,alpha0.1---w-2-1-0,0.82512
20,alpha0.1---w-2-1-0,0.82639
21,alpha0.1---w-2-1-0,0.82421
22,alpha0.1---w-2-1-0,0.83155
23,alpha0.1---w-2-1-0,0.83054
24,alpha0.1---w-2-1-0,0.82908
25,alpha0.1---w-2-1-0,0.83199
26,alpha0.1---w-2-1-0,0.82548
27,alpha0.1---w-2-1-0,0.82747
28,alpha0.1---w-2-1-0,0.81809
29,alpha0.1---w-2-1-0,0.83248
30,alpha0.1---w-2-1-0,0.8263
1,alpha0.9---w-1-1-1,0.82421
2,alpha0.1---w-0-1-1,0.82166
3,alpha0.1---w-0-1-1,0.82798
4,alpha0.1---w-0-1-1,0.82186
5,alpha0.1---w-0-1-1,0.82567
6,alpha0.1---w-0-1-1,0.82379
7,alpha0.1---w-0-1-1,0.8304
8,alpha0.1---w-0-1-1,0.82651
9,alpha0.1---w-0-1-1,0.82963
10,alpha0.1---w-0-1-1,0.826
11,alpha0.1---w-0-1-1,0.83562
12,alpha0.1---w-0-1-1,0.82286
13,alpha0.1---w-0-1-1,0.82837
14,alpha0.1---w-0-1-1,0.83058
15,alpha0.1---w-0-1-1,0.82246
16,alpha0.1---w-0-1-1,0.82643
17,alpha0.1---w-0-1-1,0.82659
18,alpha0.1---w-0-1-1,0.8287
19,alpha0.1---w-0-1-1,0.82468
20,alpha0.1---w-0-1-1,0.82599
21,alpha0.1---w-0-1-1,0.8235
22,alpha0.1---w-0-1-1,0.83224
23,alpha0.1---w-0-1-1,0.82948
24,alpha0.1---w-0-1-1,0.82868
25,alpha0.1---w-0-1-1,0.83134
26,alpha0.1---w-0-1-1,0.8252
27,alpha0.1---w-0-1-1,0.82636
28,alpha0.1---w-0-1-1,0.81828
29,alpha0.1---w-0-1-1,0.83233
30,alpha0.1---w-0-1-1,0.82494
1,alpha0.9---w-1-2-0,0.82423
2,alpha0.1---w-1-0-1,0.82238
3,alpha0.1---w-1-0-1,0.82868
4,alpha0.1---w-1-0-1,0.82092
5,alpha0.1---w-1-0-1,0.82616
6,alpha0.1---w-1-0-1,0.82392
7,alpha0.1---w-1-0-1,0.83034
8,alpha0.1---w-1-0-1,0.82561
9,alpha0.1---w-1-0-1,0.82922
10,alpha0.1---w-1-0-1,0.82627
11,alpha0.1---w-1-0-1,0.836
12,alpha0.1---w-1-0-1,0.82269
13,alpha0.1---w-1-0-1,0.82953
14,alpha0.1---w-1-0-1,0.83107
15,alpha0.1---w-1-0-1,0.82211
16,alpha0.1---w-1-0-1,0.82686
17,alpha0.1---w-1-0-1,0.8263
18,alpha0.1---w-1-0-1,0.8294
19,alpha0.1---w-1-0-1,0.82575
20,alpha0.1---w-1-0-1,0.82651
21,alpha0.1---w-1-0-1,0.82416
22,alpha0.1---w-1-0-1,0.83189
23,alpha0.1---w-1-0-1,0.82967
24,alpha0.1---w-1-0-1,0.82925
25,alpha0.1---w-1-0-1,0.83261
26,alpha0.1---w-1-0-1,0.82527
27,alpha0.1---w-1-0-1,0.82646
28,alpha0.1---w-1-0-1,0.81848
29,alpha0.1---w-1-0-1,0.83256
30,alpha0.1---w-1-0-1,0.82569
1,alpha0.9---w-2-0-1,0.82425
2,alpha0.1---w-1-1-0,0.82091
3,alpha0.1---w-1-1-0,0.82727
4,alpha0.1---w-1-1-0,0.82056
5,alpha0.1---w-1-1-0,0.82551
6,alpha0.1---w-1-1-0,0.82346
7,alpha0.1---w-1-1-0,0.82939
8,alpha0.1---w-1-1-0,0.82581
9,alpha0.1---w-1-1-0,0.82915
10,alpha0.1---w-1-1-0,0.82522
11,alpha0.1---w-1-1-0,0.83478
12,alpha0.1---w-1-1-0,0.82177
13,alpha0.1---w-1-1-0,0.82912
14,alpha0.1---w-1-1-0,0.82998
15,alpha0.1---w-1-1-0,0.82168
16,alpha0.1---w-1-1-0,0.82623
17,alpha0.1---w-1-1-0,0.82666
18,alpha0.1---w-1-1-0,0.82798
19,alpha0.1---w-1-1-0,0.8243
20,alpha0.1---w-1-1-0,0.82566
21,alpha0.1---w-1-1-0,0.82335
22,alpha0.1---w-1-1-0,0.83115
23,alpha0.1---w-1-1-0,0.82983
24,alpha0.1---w-1-1-0,0.82839
25,alpha0.1---w-1-1-0,0.83099
26,alpha0.1---w-1-1-0,0.82493
27,alpha0.1---w-1-1-0,0.8268
28,alpha0.1---w-1-1-0,0.81748
29,alpha0.1---w-1-1-0,0.83175
30,alpha0.1---w-1-1-0,0.82538